,Unnamed: 0,id,x,y,v,a0,a1
0,0.0,0_0_0,0,0,0,0.0,0.0
0,,420_-60_-9,420,-60,-9,3.0411548068044905,0.0
0,,420_-50_-8,420,-50,-8,3.2370416057394826,0.0
0,,420_-50_-7,420,-50,-7,2.976533494746866,0.0
0,,350_-40_-6,350,-40,-6,3.077102138213754,0.0
0,,350_-30_-5,350,-30,-5,3.314046666592929,0.0
0,,350_-30_-4,350,-30,-4,3.142732525515119,0.0
0,,350_-30_-3,350,-30,-3,3.1805308353042965,0.0
0,,350_-30_-2,350,-30,-2,3.124337923888964,0.0
0,,350_-20_-1,350,-20,-1,3.3112723602131853,0.0
0,,350_-20_0,350,-20,0,3.3174771389890734,0.0
0,,350_-30_1,350,-30,1,2.992227242225405,0.0
0,,350_-30_2,350,-30,2,2.9428313015868777,0.0
0,,350_-30_3,350,-30,3,3.172537844260118,0.0
0,,350_-30_4,350,-30,4,3.325558325604174,0.0
0,,350_-40_5,350,-40,5,3.0381651047982983,0.0
0,,350_-50_6,350,-50,6,2.828357333876922,0.0
0,,350_-50_7,350,-50,7,3.3096252248424003,0.0
0,,350_-60_8,350,-60,8,3.2852480850215193,0.0
0,,350_-70_9,350,-70,9,3.2908333270832117,0.0
0,,350_-80_10,350,-80,10,3.332547754471821,0.0
0,,350_-90_10,350,-90,10,3.2759750288670775,0.0
0,,280_-100_10,280,-100,10,3.331057205010517,0.0
0,,280_-110_10,280,-110,10,3.3292135819760267,0.0
0,,280_-120_10,280,-120,10,3.3256058556063146,0.0
0,,280_-130_10,280,-130,10,3.3184516917421756,0.0
0,,280_-140_10,280,-140,10,3.3041382089326587,0.0
0,,280_-150_10,280,-150,10,-699.2833706392363,3.2753389530735975
0,,280_-160_10,280,-160,10,-207.57618354977592,0.0
0,,280_-170_10,280,-170,10,2.086605085521161,0.0
0,,280_-180_10,280,-180,10,-700.0,1.8608998258459235
0,,280_-190_10,280,-190,10,-700.0,0.0
0,,280_-200_10,280,-200,10,1.372549018910558,0.0
0,,420_70_-9,420,70,-9,3.289727601003082,0.0
0,,420_80_-8,420,80,-8,3.294346322727071,0.0
0,,420_80_-7,420,80,-7,3.3301408508541197,0.0
0,,350_90_-6,350,90,-6,3.3203589617745237,0.0
0,,350_100_-5,350,100,-5,3.1849709328464466,0.0
0,,350_100_-4,350,100,-4,3.3038640636023633,0.0
0,,350_100_-3,350,100,-3,3.3288902213014633,0.0
0,,350_100_-2,350,100,-2,3.3315583620196545,0.0
0,,350_110_-1,350,110,-1,3.1055013705806442,0.0
0,,350_110_0,350,110,0,3.1386186598715575,0.0
0,,350_100_1,350,100,1,3.331732235237666,0.0
0,,350_100_2,350,100,2,3.31900146187545,0.0
0,,350_100_3,350,100,3,3.306566849418399,0.0
0,,350_100_4,350,100,4,3.1935683133856623,0.0
0,,350_90_5,350,90,5,3.3302202193689734,0.0
0,,350_80_6,350,80,6,3.333088163052249,0.0
0,,350_80_7,350,80,7,3.3287753949123973,0.0
0,,350_70_8,350,70,8,3.332194447654856,0.0
0,,350_60_9,350,60,9,3.3332030186537644,0.0
0,,350_50_10,350,50,10,3.333258633960796,0.0
0,,350_40_10,350,40,10,3.333309612323186,0.0
0,,280_30_10,280,30,10,3.3332566184585453,0.0
0,,280_20_10,280,20,10,3.333298365684843,0.0
0,,280_10_10,280,10,10,3.333290227029692,0.0
0,,280_0_10,280,0,10,3.3332793743278124,0.0
0,,280_-10_10,280,-10,10,3.3332639623796054,0.0
0,,280_-20_10,280,-20,10,3.333240640739443,0.0
0,,280_-30_10,280,-30,10,3.3332048081596666,0.0
0,,280_-40_10,280,-40,10,3.333153491071613,0.0
0,,280_-50_10,280,-50,10,-700.0,3.3330964482983396
0,,280_-60_10,280,-60,10,-700.0,3.322930131177107
0,,280_-70_10,280,-70,10,3.3317333214074387,0.0
0,,420_-40_-7,420,-40,-7,3.322988520889126,0.0
0,,350_-30_-6,350,-30,-6,3.3222015560246487,0.0
0,,350_-20_-3,350,-20,-3,3.3225164282207436,0.0
0,,350_-20_-2,350,-20,-2,3.3227824708481544,0.0
0,,350_-20_1,350,-20,1,3.328320666211392,0.0
0,,350_-20_2,350,-20,2,3.3287608789948204,0.0
0,,350_-30_5,350,-30,5,3.331806138361427,0.0
0,,350_-40_6,350,-40,6,3.3322217931081193,0.0
0,,350_-60_9,350,-60,9,3.33258413655769,0.0
0,,350_-70_10,350,-70,10,3.332664722386857,0.0
0,,280_-90_10,280,-90,10,3.3320171958375244,0.0
0,,280_-180_-9,280,-180,-9,1.3725415917903474,0.0
0,,280_-170_-8,280,-170,-8,1.3725338607966278,0.0
0,,280_-160_-7,280,-160,-7,2.0235294125130054,0.0
0,,280_-150_-6,280,-150,-6,1.860763239868323,0.0
0,,280_-150_-5,280,-150,-5,1.3724201718385027,0.0
0,,280_-150_-4,280,-150,-4,1.3722860649765363,0.0
0,,280_-140_-3,280,-140,-3,2.022520162585855,0.0
0,,210_-140_-2,210,-140,-2,1.859013161907988,0.0
0,,210_-140_-1,210,-140,-1,1.3703139421205146,0.0
0,,210_-140_0,210,-140,0,1.3679876369806425,0.0
0,,210_-140_1,210,-140,1,2.010276435977124,0.0
0,,210_-140_2,210,-140,2,1.8393967619100287,0.0
0,,210_-150_3,210,-150,3,1.3337779069999998,0.0
0,,210_-150_4,210,-150,4,1.2934242999999999,0.0
0,,210_-150_5,210,-150,5,1.8891908097903831,0.0
0,,210_-160_6,210,-160,6,1.6854485914089457,0.0
0,,210_-170_7,210,-170,7,0.7,0.0
0,,210_-180_8,210,-180,8,-700.0,0.0
0,,210_-180_9,210,-180,9,-700.0,1.3725453799772702
0,,210_-190_10,210,-190,10,-699.5882352941177,0.0
0,,420_-20_-9,420,-20,-9,3.3192786707792323,0.0
0,,420_-10_-8,420,-10,-8,3.318616974632658,0.0
0,,420_0_-7,420,0,-7,3.3066163303263965,0.0
0,,350_0_-6,350,0,-6,3.3238500863832234,0.0
0,,350_10_-5,350,10,-5,3.303602632253674,0.0
0,,350_10_-4,350,10,-4,3.32480387965506,0.0
0,,350_10_-3,350,10,-3,3.3265354180117788,0.0
0,,350_20_-2,350,20,-2,3.3038639843484456,0.0
0,,350_20_-1,350,20,-1,3.3063823803160632,0.0
0,,350_20_0,350,20,0,3.3092975916993974,0.0
0,,350_20_1,350,20,1,3.31278830156464,0.0
0,,350_10_2,350,10,2,3.325002881502945,0.0
0,,350_10_3,350,10,3,3.3253106085024613,0.0
0,,350_10_4,350,10,4,3.3224639492552765,0.0
0,,350_0_5,350,0,5,3.3254836953753792,0.0
0,,350_0_6,350,0,6,3.3273939835225153,0.0
0,,350_-10_7,350,-10,7,3.3274628680311706,0.0
0,,350_-20_8,350,-20,8,3.3256962469603626,0.0
0,,350_-30_9,350,-30,9,3.326258667302328,0.0
0,,350_-40_10,350,-40,10,3.3278518895494362,0.0
0,,350_-50_10,350,-50,10,3.329512216842741,0.0
0,,280_-50_-9,280,-50,-9,3.3304567435955086,0.0
0,,280_-40_-8,280,-40,-8,3.3317550412511023,0.0
0,,280_-30_-7,280,-30,-7,3.3332862688777958,0.0
0,,280_-30_-6,280,-30,-6,3.324315772494522,0.0
0,,280_-20_-5,280,-20,-5,3.333271597676523,0.0
0,,280_-20_-4,280,-20,-4,3.3266526471847198,0.0
0,,280_-20_-3,280,-20,-3,3.3199214635887992,0.0
0,,280_-10_-2,280,-10,-2,3.3332497767926683,0.0
0,,280_-10_-1,280,-10,-1,3.333249214428507,0.0
0,,280_-10_0,280,-10,0,3.333170488284395,0.0
0,,280_-10_1,280,-10,1,3.3328360947232185,0.0
0,,280_-20_2,280,-20,2,3.3177208046561333,0.0
0,,280_-20_3,280,-20,3,3.3150589804489914,0.0
0,,280_-20_4,280,-20,4,3.3322898384999324,0.0
0,,280_-30_5,280,-30,5,3.3095514369176944,0.0
0,,280_-30_6,280,-30,6,3.332235553172931,0.0
0,,210_-40_7,210,-40,7,3.33199659178481,0.0
0,,210_-50_8,210,-50,8,3.324524279437115,0.0
0,,210_-60_9,210,-60,9,3.315597045348711,0.0
0,,210_-70_10,210,-70,10,3.3125337866931686,0.0
0,,210_-80_10,210,-80,10,3.3089878592130657,0.0
0,,210_-90_10,210,-90,10,3.3050182388983975,0.0
0,,210_-100_10,210,-100,10,3.3007438407244414,0.0
0,,210_-110_10,210,-110,10,3.2963252080504457,0.0
0,,210_-120_10,210,-120,10,3.2919207831625905,0.0
0,,210_-130_10,210,-130,10,3.287662521531124,0.0
0,,210_-140_10,210,-140,10,-700.0,3.2838061534365663
0,,210_-150_10,210,-150,10,-208.53914438761885,0.0
0,,420_-50_-9,420,-50,-9,3.324862648661587,0.0
0,,420_-40_-8,420,-40,-8,3.3240100117315685,0.0
0,,350_-20_-5,350,-20,-5,3.321433298806382,0.0
0,,350_-20_-4,350,-20,-4,3.3230073274421668,0.0
0,,350_-10_-1,350,-10,-1,3.3246638870714875,0.0
0,,350_-10_0,350,-10,0,3.324399522408761,0.0
0,,350_-20_3,350,-20,3,3.3290100709290753,0.0
0,,350_-20_4,350,-20,4,3.329646544292629,0.0
0,,350_-40_7,350,-40,7,3.332500327043528,0.0
0,,350_-50_8,350,-50,8,3.332557391209206,0.0
0,,280_-170_-9,280,-170,-9,1.5288494119443723,0.0
0,,280_-160_-8,280,-160,-8,1.6915294121313726,0.0
0,,280_-140_-5,280,-140,-5,1.5286070910368637,0.0
0,,280_-140_-4,280,-140,-4,1.691034879667069,0.0
0,,210_-130_-1,210,-130,-1,1.5256673722781073,0.0
0,,210_-130_0,210,-130,0,1.6850354536287906,0.0
0,,210_-140_3,210,-140,3,1.496594713430671,0.0
0,,210_-140_4,210,-140,4,1.6257034967972877,0.0
0,,210_-160_7,210,-160,7,1.3725481457325424,0.0
0,,210_-170_8,210,-170,8,1.3725472361888622,0.0
0,,210_-170_-9,210,-170,-9,2.4376146530839153,0.0
0,,210_-160_-8,210,-160,-8,2.2308143993989527,0.0
0,,210_-160_-7,210,-160,-7,2.0485646377365847,0.0
0,,210_-150_-6,210,-150,-6,2.3038207004580515,0.0
0,,210_-140_-5,210,-140,-5,2.102579672622774,0.0
0,,210_-140_-4,210,-140,-4,2.0221502470841295,0.0
0,,140_-140_-3,140,-140,-3,1.3720123775031354,0.0
0,,140_-140_-2,140,-140,-2,1.8706579068810103,0.0
0,,140_-130_-1,140,-130,-1,2.0393799539613795,0.0
0,,140_-130_0,140,-130,0,1.8944607578065815,0.0
0,,140_-140_1,140,-140,1,2.109255135099279,0.0
0,,140_-140_2,140,-140,2,2.041394107057284,0.0
0,,140_-140_3,140,-140,3,2.3204146802130845,0.0
0,,140_-140_4,140,-140,4,2.138294739216686,0.0
0,,140_-150_5,140,-150,5,2.1434029575850735,0.0
0,,140_-160_6,140,-160,6,1.788348809790383,0.0
0,,140_-160_7,140,-160,7,2.159597594943304,0.0
0,,140_-170_8,140,-170,8,-700.0,2.0098633010624907
0,,140_-180_9,140,-180,9,-700.0,0.0
0,,140_-190_10,140,-190,10,1.7181884233803026,0.0
0,,420_90_-7,420,90,-7,3.1737419455592786,0.0
0,,350_110_-2,350,110,-2,3.078894020170562,0.0
0,,350_110_1,350,110,1,3.1958495573684917,0.0
0,,350_90_6,350,90,6,3.2184077524375923,0.0
0,,280_-40_-9,280,-40,-9,3.3330884986977276,0.0
0,,280_-30_-8,280,-30,-8,3.3333114820860814,0.0
0,,280_-20_-7,280,-20,-7,3.3333065108945044,0.0
0,,280_-20_-6,280,-20,-6,3.333300507306342,0.0
0,,280_-10_-5,280,-10,-5,3.3332932258145926,0.0
0,,280_-10_-4,280,-10,-4,3.333287125665216,0.0
0,,280_-10_-3,280,-10,-3,3.3332744123096005,0.0
0,,280_0_-2,280,0,-2,3.33325603558616,0.0
0,,210_0_-1,210,0,-1,3.333252573160357,0.0
0,,210_0_0,210,0,0,3.3332702949813844,0.0
0,,210_0_1,210,0,1,3.333254540649263,0.0
0,,210_-10_2,210,-10,2,3.333236649243542,0.0
0,,210_-10_3,210,-10,3,3.333215727280872,0.0
0,,210_-10_4,210,-10,4,3.3332039800533573,0.0
0,,210_-20_5,210,-20,5,3.3332065759049643,0.0
0,,210_-20_6,210,-20,6,3.3333146891913903,0.0
0,,210_-30_7,210,-30,7,3.333308190388588,0.0
0,,210_-40_8,210,-40,8,3.3332975628282027,0.0
0,,210_-50_9,210,-50,9,-700.0,3.3332820449886764
0,,210_-60_10,210,-60,10,-699.3320123630193,0.0
0,,420_-30_-9,420,-30,-9,3.272176437655586,0.0
0,,420_-20_-8,420,-20,-8,3.309504957122723,0.0
0,,420_-10_-7,420,-10,-7,3.3242330136494607,0.0
0,,350_-10_-6,350,-10,-6,3.2973967480199624,0.0
0,,350_0_-5,350,0,-5,3.323906396348173,0.0
0,,350_0_-4,350,0,-4,3.2662380658933303,0.0
0,,350_10_-2,350,10,-2,3.3262625660496496,0.0
0,,350_10_-1,350,10,-1,3.3258893011492647,0.0
0,,350_10_0,350,10,0,3.325457142551368,0.0
0,,350_10_1,350,10,1,3.325107622756318,0.0
0,,350_0_3,350,0,3,3.2761962060661842,0.0
0,,350_0_4,350,0,4,3.3259281367425015,0.0
0,,350_-10_5,350,-10,5,3.312514116374283,0.0
0,,350_-10_6,350,-10,6,3.3256165909787456,0.0
0,,350_-20_7,350,-20,7,3.312848852553782,0.0
0,,350_-30_8,350,-30,8,3.3060862876440975,0.0
0,,350_-40_9,350,-40,9,3.3251066947357297,0.0
0,,350_-60_10,350,-60,10,3.3322565812350295,0.0
0,,280_-80_10,280,-80,10,3.332415732159772,0.0
0,,350_-40_-5,350,-40,-5,2.9212559036960464,0.0
0,,350_-30_-1,350,-30,-1,3.098104100994174,0.0
0,,350_-30_0,350,-30,0,3.054393846981304,0.0
0,,350_-40_4,350,-40,4,2.950632370361167,0.0
0,,280_-140_-9,280,-140,-9,3.3279959048323873,0.0
0,,280_-130_-8,280,-130,-8,3.3249623303940656,0.0
0,,280_-130_-7,280,-130,-7,3.3166256142206225,0.0
0,,280_-120_-6,280,-120,-6,3.303291016931681,0.0
0,,280_-120_-5,280,-120,-5,3.2787221717931123,0.0
0,,280_-110_-4,280,-110,-4,3.3082892858519304,0.0
0,,280_-110_-3,280,-110,-3,3.327454702245876,0.0
0,,280_-110_-2,280,-110,-2,3.325098218840806,0.0
0,,280_-110_-1,280,-110,-1,3.3230618059174937,0.0
0,,280_-110_0,280,-110,0,3.324186185199645,0.0
0,,280_-110_1,280,-110,1,2.951602431297197,0.0
0,,210_-110_2,210,-110,2,3.2748642413410476,0.0
0,,210_-110_3,210,-110,3,3.331500402479193,0.0
0,,210_-120_4,210,-120,4,3.3228314518407602,0.0
0,,210_-120_5,210,-120,5,3.3134879980302037,0.0
0,,210_-130_6,210,-130,6,3.294348623802587,0.0
0,,210_-130_7,210,-130,7,3.3314823520779218,0.0
0,,210_-140_8,210,-140,8,3.3309317235529114,0.0
0,,210_-150_9,210,-150,9,3.3021147751106277,0.0
0,,210_-160_10,210,-160,10,-699.2655982681395,3.271560626496313
0,,210_-170_10,210,-170,10,-698.089110226444,0.0
0,,210_-180_10,210,-180,10,-700.0,2.4929685066127893
0,,210_-200_10,210,-200,10,1.372549152650299,0.0
0,,420_0_-9,420,0,-9,3.323635890351873,0.0
0,,420_0_-8,420,0,-8,3.3290820324012036,0.0
0,,420_10_-7,420,10,-7,3.3288010698584967,0.0
0,,350_20_-6,350,20,-6,3.3242164790611266,0.0
0,,350_20_-5,350,20,-5,3.3289652347671836,0.0
0,,350_30_-4,350,30,-4,3.3253097757870775,0.0
0,,350_30_-3,350,30,-3,3.3296326710063795,0.0
0,,350_30_-2,350,30,-2,3.3308401174031856,0.0
0,,350_30_-1,350,30,-1,3.33109936449078,0.0
0,,350_30_0,350,30,0,3.3312978912890503,0.0
0,,350_30_1,350,30,1,3.331416481763316,0.0
0,,350_30_2,350,30,2,3.331525269271835,0.0
0,,350_30_3,350,30,3,3.3297968887126066,0.0
0,,350_20_4,350,20,4,3.332588111919585,0.0
0,,350_20_5,350,20,5,3.331723946142898,0.0
0,,350_10_6,350,10,6,3.3329506008394683,0.0
0,,350_0_7,350,0,7,3.3329531718202987,0.0
0,,350_0_8,350,0,8,3.332666817183216,0.0
0,,350_-10_9,350,-10,9,3.3328989566694323,0.0
0,,350_-20_10,350,-20,10,3.332806863483015,0.0
0,,350_-30_10,350,-30,10,3.332939019569833,0.0
0,,280_-10_2,280,-10,2,3.3324835058012683,0.0
0,,280_-10_3,280,-10,3,3.3324720867632713,0.0
0,,280_-20_5,280,-20,5,3.3323606083751978,0.0
0,,210_-30_6,210,-30,6,3.3326535273023223,0.0
0,,210_-40_-9,210,-40,-9,3.333259868219505,0.0
0,,210_-40_-8,210,-40,-8,3.3332249894830297,0.0
0,,210_-30_-7,210,-30,-7,3.3331979856465406,0.0
0,,210_-20_-6,210,-20,-6,3.3331194389952996,0.0
0,,210_-20_-5,210,-20,-5,3.3330737413249145,0.0
0,,210_-10_-4,210,-10,-4,3.3329150504717684,0.0
0,,210_-10_-3,210,-10,-3,3.332720358018398,0.0
0,,210_-10_-2,210,-10,-2,3.3329635414135454,0.0
0,,210_-10_-1,210,-10,-1,3.333124016961269,0.0
0,,210_-10_0,210,-10,0,3.3332593457777806,0.0
0,,210_-10_1,210,-10,1,3.3332358524236128,0.0
0,,210_-20_4,210,-20,4,3.3330805465334423,0.0
0,,140_-20_5,140,-20,5,3.3326845763361153,0.0
0,,140_-30_6,140,-30,6,3.3321821840837345,0.0
0,,140_-40_7,140,-40,7,3.3318045211740595,0.0
0,,140_-40_8,140,-40,8,3.3318532801383713,0.0
0,,140_-50_9,140,-50,9,3.33131865917142,0.0
0,,140_-60_10,140,-60,10,-699.593934647671,3.330633830806191
0,,140_-70_10,140,-70,10,-208.31134524097513,0.0
0,,140_-80_10,140,-80,10,1.2934242999999999,0.0
0,,140_-90_10,140,-90,10,1.2110699999999996,0.0
0,,140_-100_10,140,-100,10,1.043,0.0
0,,140_-110_10,140,-110,10,0.7,0.0
0,,140_-120_10,140,-120,10,-700.0,0.0
0,,140_-130_10,140,-130,10,-700.0,0.0
0,,140_-140_10,140,-140,10,1.426626460539641,0.0
0,,420_60_-9,420,60,-9,3.3305216172628995,0.0
0,,420_70_-8,420,70,-8,3.329912540215498,0.0
0,,350_80_-6,350,80,-6,3.330709017038512,0.0
0,,350_90_-5,350,90,-5,3.3303245466141664,0.0
0,,350_90_-4,350,90,-4,3.331691416761327,0.0
0,,350_100_-1,350,100,-1,3.3314411906427317,0.0
0,,350_100_0,350,100,0,3.3314242784840102,0.0
0,,350_90_3,350,90,3,3.332837958709662,0.0
0,,350_90_4,350,90,4,3.3328539022519115,0.0
0,,350_80_5,350,80,5,3.333122837230003,0.0
0,,350_70_7,350,70,7,3.333293751163009,0.0
0,,350_60_8,350,60,8,3.3333113313411404,0.0
0,,350_50_9,350,50,9,3.333312839030047,0.0
0,,350_30_10,350,30,10,3.3333046471696726,0.0
0,,280_0_-3,280,0,-3,3.333171592839285,0.0
0,,280_0_-1,280,0,-1,3.3332591395181925,0.0
0,,210_0_2,210,0,2,3.3331680261176135,0.0
0,,210_-30_-8,210,-30,-8,3.333228747820433,0.0
0,,210_-20_-7,210,-20,-7,3.3331825160710147,0.0
0,,210_-10_-5,210,-10,-5,3.3330179057997147,0.0
0,,210_0_-3,210,0,-3,3.3325132790248455,0.0
0,,210_0_-2,210,0,-2,3.3323561906106103,0.0
0,,140_0_-1,140,0,-1,3.3322686232424443,0.0
0,,140_0_0,140,0,0,3.333029794315104,0.0
0,,140_0_1,140,0,1,3.3330119711072226,0.0
0,,140_0_2,140,0,2,3.331683147528996,0.0
0,,140_-10_3,140,-10,3,3.33297684565836,0.0
0,,140_-10_4,140,-10,4,3.332857664783441,0.0
0,,140_-20_6,140,-20,6,3.3324964874495127,0.0
0,,140_-30_7,140,-30,7,3.3322195448256675,0.0
0,,420_10_-9,420,10,-9,3.25061684811875,0.0
0,,420_10_-8,420,10,-8,3.316090864922312,0.0
0,,420_20_-7,420,20,-7,3.315173665769686,0.0
0,,350_30_-6,350,30,-6,3.2851247133946577,0.0
0,,350_30_-5,350,30,-5,3.3206973691571737,0.0
0,,350_40_-4,350,40,-4,3.2557086835028497,0.0
0,,350_40_-3,350,40,-3,3.301683811829749,0.0
0,,350_40_-2,350,40,-2,3.3226488333441844,0.0
0,,350_40_-1,350,40,-1,3.3232329172926907,0.0
0,,350_40_0,350,40,0,3.3236775708448656,0.0
0,,350_40_1,350,40,1,3.3241473736290024,0.0
0,,350_40_2,350,40,2,3.3110713519258876,0.0
0,,350_40_3,350,40,3,3.2818556280768845,0.0
0,,350_30_4,350,30,4,3.3265900483179403,0.0
0,,350_30_5,350,30,5,3.3107748171911684,0.0
0,,350_20_6,350,20,6,3.3315293891358784,0.0
0,,350_10_7,350,10,7,3.331716685810084,0.0
0,,350_10_8,350,10,8,3.325707800423725,0.0
0,,350_0_9,350,0,9,3.326355084998183,0.0
0,,350_-10_10,350,-10,10,3.3332503307976786,0.0
0,,140_-20_4,140,-20,4,3.3327331105433866,0.0
0,,140_-50_-9,140,-50,-9,3.32986945064746,0.0
0,,140_-50_-8,140,-50,-8,3.3253184798344995,0.0
0,,140_-40_-7,140,-40,-7,3.3241217571102184,0.0
0,,140_-30_-6,140,-30,-6,3.3264153944102626,0.0
0,,140_-30_-5,140,-30,-5,3.3223698979926386,0.0
0,,140_-20_-4,140,-20,-4,3.3270309323703113,0.0
0,,140_-20_-3,140,-20,-3,3.3306543756802034,0.0
0,,140_-20_-2,140,-20,-2,3.3256885134998586,0.0
0,,140_-20_-1,140,-20,-1,3.3244829840924957,0.0
0,,140_-20_0,140,-20,0,3.323554197304875,0.0
0,,130_-20_1,130,-20,1,3.3064992870288377,0.0
0,,130_-20_2,130,-20,2,3.325421923244778,0.0
0,,130_-20_3,130,-20,3,3.3287677875345993,0.0
0,,120_-30_4,120,-30,4,3.3135409442012858,0.0
0,,120_-30_5,120,-30,5,3.3197027950111093,0.0
0,,110_-40_6,110,-40,6,3.2985913396750166,0.0
0,,110_-50_7,110,-50,7,3.312718996173269,0.0
0,,110_-50_8,110,-50,8,3.318498094759385,0.0
0,,100_-60_9,100,-60,9,3.2605713051449894,0.0
0,,100_-70_10,100,-70,10,3.2961193654722325,0.0
0,,90_-80_10,90,-80,10,3.2283372105250994,0.0
0,,90_-90_10,90,-90,10,3.2577700000140224,0.0
0,,90_-100_10,90,-100,10,3.2532926923799166,0.0
0,,80_-110_10,80,-110,10,-700.0,2.970400291531993
0,,80_-120_10,80,-120,10,-700.0,3.0737749990687853
0,,70_-130_10,70,-130,10,1.768167390812618,0.0
0,,140_-40_-8,140,-40,-8,3.329353067246924,0.0
0,,140_-20_1,140,-20,1,3.3234112310041493,0.0
0,,130_-30_4,130,-30,4,3.3187410705713183,0.0
0,,120_-40_6,120,-40,6,3.3137340203537002,0.0
0,,110_-40_7,110,-40,7,3.31570283087276,0.0
0,,110_-60_9,110,-60,9,3.3128158184928544,0.0
0,,100_-80_10,100,-80,10,3.2933556262495207,0.0
0,,90_-110_10,90,-110,10,3.2200279065379993,0.0
0,,80_-110_-9,80,-110,-9,2.9516157005617902,0.0
0,,70_-100_-8,70,-100,-8,2.796070799958921,0.0
0,,70_-100_-7,70,-100,-7,2.4033803896871975,0.0
0,,70_-90_-6,70,-90,-6,1.629310361995642,0.0
0,,60_-90_-5,60,-90,-5,1.1469754278618132,0.0
0,,60_-80_-4,60,-80,-4,-4.451815428570192,-1.922303411642179
0,,50_-80_-3,50,-80,-3,-36.87097607114883,-80.81940750740355
0,,50_-80_-2,50,-80,-2,-35.091568874626105,-48.729172048949295
0,,50_-80_-1,50,-80,-1,-80.38583542962168,-73.88073037609642
0,,40_-80_0,40,-80,0,-166.57854006057488,-248.71373692032137
0,,40_-80_1,40,-80,1,-342.09,-342.00491849096915
0,,30_-80_2,30,-80,2,-1253.0,-700.0
0,,30_-80_3,30,-80,3,-910.0,-700.0
0,,30_-90_4,30,-90,4,1.3725492524963099,0.0
0,,420_30_-9,420,30,-9,2.60772529693835,0.0
0,,420_40_-8,420,40,-8,2.9971439855718742,0.0
0,,420_50_-7,420,50,-7,3.053247613902565,0.0
0,,350_60_-6,350,60,-6,3.2030531276768874,0.0
0,,350_60_-5,350,60,-5,2.974172234783987,0.0
0,,350_60_-4,350,60,-4,2.682651717512147,0.0
0,,350_70_-3,350,70,-3,3.2187302436628182,0.0
0,,350_70_-2,350,70,-2,2.9038120287167493,0.0
0,,350_70_-1,350,70,-1,2.873929210404942,0.0
0,,350_70_0,350,70,0,2.9910461992276143,0.0
0,,350_70_1,350,70,1,3.114695326956956,0.0
0,,350_70_2,350,70,2,3.24001559849023,0.0
0,,350_60_3,350,60,3,2.5398963516154995,0.0
0,,350_60_4,350,60,4,3.0389964289055507,0.0
0,,350_60_5,350,60,5,3.280354006735528,0.0
0,,350_50_6,350,50,6,3.119274927543847,0.0
0,,350_40_7,350,40,7,3.1690008760899095,0.0
0,,350_30_8,350,30,8,2.951955741345458,0.0
0,,350_30_9,350,30,9,3.3332185408496393,0.0
0,,350_20_10,350,20,10,3.3332315945320046,0.0
0,,350_10_10,350,10,10,3.3331559813719007,0.0
0,,210_-20_3,210,-20,3,3.333129871845929,0.0
0,,210_-50_-9,210,-50,-9,3.3332220899682388,0.0
0,,210_-20_-4,210,-20,-4,3.3329261007436943,0.0
0,,140_-10_1,140,-10,1,3.332657112208387,0.0
0,,140_-10_2,140,-10,2,3.3330180206798325,0.0
0,,140_-20_3,140,-20,3,3.3328579863871033,0.0
0,,140_-50_8,140,-50,8,3.329766945588086,0.0
0,,140_-60_-9,140,-60,-9,3.3226219817552054,0.0
0,,140_-30_-4,140,-30,-4,3.316685406383104,0.0
0,,130_-20_-2,130,-20,-2,3.30401310911879,0.0
0,,130_-20_-1,130,-20,-1,3.2992649319120706,0.0
0,,130_-20_0,130,-20,0,3.2964532599842213,0.0
0,,120_-20_1,120,-20,1,3.2460956001482044,0.0
0,,120_-20_2,120,-20,2,3.298510823238977,0.0
0,,110_-30_3,110,-30,3,3.2431324197720217,0.0
0,,110_-30_4,110,-30,4,3.2531420247066505,0.0
0,,110_-30_5,110,-30,5,3.275366658106264,0.0
0,,100_-40_6,100,-40,6,3.161193399983814,0.0
0,,100_-50_7,100,-50,7,3.067890399533025,0.0
0,,90_-60_8,90,-60,8,3.2115499026898235,0.0
0,,90_-60_9,90,-60,9,3.223967612751688,0.0
0,,90_-70_10,90,-70,10,3.196370052293836,0.0
0,,80_-80_10,80,-80,10,-700.0,3.0752543402899177
0,,80_-90_10,80,-90,10,-700.0,1.3722860649765363
0,,70_-100_10,70,-100,10,1.7734551356676467,0.0
0,,280_-60_-9,280,-60,-9,2.455128503420068,0.0
0,,280_-50_-8,280,-50,-8,3.2570219919670356,0.0
0,,280_-40_-7,280,-40,-7,3.3228289800826776,0.0
0,,280_-30_-5,280,-30,-5,3.3258421884708183,0.0
0,,280_-30_-4,280,-30,-4,2.756245299400344,0.0
0,,280_-20_-2,280,-20,-2,3.3192683371426237,0.0
0,,280_-20_-1,280,-20,-1,3.31893752402205,0.0
0,,280_-20_0,280,-20,0,3.318829151022488,0.0
0,,280_-20_1,280,-20,1,3.318614475170133,0.0
0,,280_-30_3,280,-30,3,2.6924402680586326,0.0
0,,280_-30_4,280,-30,4,3.3091986471570003,0.0
0,,280_-40_6,280,-40,6,3.3139305515085797,0.0
0,,210_-50_7,210,-50,7,3.2499722856610207,0.0
0,,210_-60_8,210,-60,8,2.8171080828872457,0.0
0,,210_-140_-9,210,-140,-9,2.36616713914683,0.0
0,,210_-130_-8,210,-130,-8,3.2166543247822954,0.0
0,,210_-120_-7,210,-120,-7,3.303209020187899,0.0
0,,210_-110_-6,210,-110,-6,3.3031763839586996,0.0
0,,210_-110_-5,210,-110,-5,3.3028070187222593,0.0
0,,210_-110_-4,210,-110,-4,2.5610894206420673,0.0
0,,210_-100_-3,210,-100,-3,3.2992542250000416,0.0
0,,140_-100_-2,140,-100,-2,3.296086248395088,0.0
0,,140_-100_-1,140,-100,-1,3.2921349104655335,0.0
0,,140_-100_0,140,-100,0,3.2875633395779382,0.0
0,,140_-100_1,140,-100,1,3.282652301361548,0.0
0,,140_-100_2,140,-100,2,3.277074034897952,0.0
0,,140_-110_3,140,-110,3,2.544277623047509,0.0
0,,140_-110_4,140,-110,4,3.261917929001833,0.0
0,,140_-110_5,140,-110,5,3.2531548139372446,0.0
0,,140_-120_6,140,-120,6,3.2476367659459204,0.0
0,,140_-130_7,140,-130,7,3.1313378309295348,0.0
0,,140_-140_8,140,-140,8,2.0946943079959914,0.0
0,,140_-140_9,140,-140,9,-700.0,3.261847529436893
0,,140_-150_10,140,-150,10,-700.0,0.0
0,,140_-160_10,140,-160,10,2.0341083489402196,0.0
0,,210_-150_-5,210,-150,-5,1.6328770836381947,0.0
0,,210_-140_-3,210,-140,-3,1.6166223743716948,0.0
0,,140_-140_-1,140,-140,-1,1.5494321579373367,0.0
0,,140_-140_0,140,-140,0,1.7335350161986465,0.0
0,,140_-150_4,140,-150,4,1.6504098392306707,0.0
0,,140_-160_-9,140,-160,-9,3.2400904368835612,0.0
0,,140_-160_-8,140,-160,-8,1.3725453799772702,0.0
0,,140_-150_-7,140,-150,-7,1.3725415917903474,0.0
0,,140_-140_-6,140,-140,-6,1.7851459854896174,0.0
0,,140_-140_-5,140,-140,-5,1.3725180832584243,0.0
0,,140_-130_-4,140,-130,-4,2.5682430352999073,0.0
0,,130_-130_-3,130,-130,-3,1.3724201718385027,0.0
0,,130_-130_-2,130,-130,-2,1.3722860649765363,0.0
0,,130_-130_-1,130,-130,-1,1.3720123775031354,0.0
0,,120_-130_0,120,-130,0,1.371453831639052,0.0
0,,120_-130_1,120,-130,1,1.3703139421205146,0.0
0,,110_-130_2,110,-130,2,1.3679876369806425,0.0
0,,110_-130_3,110,-130,3,3.0148284170530046,0.0
0,,110_-140_4,110,-140,4,1.3535511744299997,0.0
0,,100_-140_5,100,-140,5,1.809479604996628,0.0
0,,100_-150_6,100,-150,6,1.2934242999999999,0.0
0,,90_-160_7,90,-160,7,1.2110699999999996,0.0
0,,90_-160_8,90,-160,8,2.5243429958172663,0.0
0,,90_-170_9,90,-170,9,0.7,0.0
0,,80_-180_10,80,-180,10,-700.0,3.1928841271570922
0,,80_-190_10,80,-190,10,-700.0,1.568630793239027
0,,70_-200_10,70,-200,10,1.781852425881608,0.0
0,,420_-30_-7,420,-30,-7,3.3165534893618016,0.0
0,,350_-10_-3,350,-10,-3,3.322175509164163,0.0
0,,350_-10_-2,350,-10,-2,3.3219458259618877,0.0
0,,350_-10_1,350,-10,1,3.320076536444007,0.0
0,,350_-10_2,350,-10,2,3.3211886481252666,0.0
0,,350_-30_6,350,-30,6,3.323786912439408,0.0
0,,280_-120_-7,280,-120,-7,3.319364049329361,0.0
0,,280_-110_-5,280,-110,-5,3.3167922357937303,0.0
0,,280_-100_-3,280,-100,-3,3.2859642683999173,0.0
0,,280_-100_-2,280,-100,-2,3.3083644745096965,0.0
0,,280_-100_-1,280,-100,-1,3.323134283863056,0.0
0,,280_-100_0,280,-100,0,3.325417364694395,0.0
0,,210_-100_1,210,-100,1,3.3241428106100366,0.0
0,,210_-100_2,210,-100,2,3.329231695347799,0.0
0,,210_-110_4,210,-110,4,3.331088107888207,0.0
0,,210_-120_6,210,-120,6,3.329314742420846,0.0
0,,210_-150_-7,210,-150,-7,1.828872143224445,0.0
0,,140_-130_-3,140,-130,-3,1.532655126946127,0.0
0,,140_-130_-2,140,-130,-2,1.6992961774410755,0.0
0,,140_-130_1,140,-130,1,1.6001315647191614,0.0
0,,140_-130_2,140,-130,2,1.837003193304411,0.0
0,,140_-150_6,140,-150,6,1.7582028215222187,0.0
0,,140_-150_-8,140,-150,-8,3.3016461291898995,0.0
0,,140_-140_-7,140,-140,-7,3.2856857879441863,0.0
0,,140_-130_-5,140,-130,-5,3.3085287514115156,0.0
0,,130_-130_-4,130,-130,-4,3.0997043307619876,0.0
0,,130_-120_-3,130,-120,-3,3.2822289335164405,0.0
0,,130_-120_-2,130,-120,-2,3.2937651478064005,0.0
0,,120_-120_-1,120,-120,-1,3.2302633774152074,0.0
0,,120_-120_0,120,-120,0,3.3008869391806126,0.0
0,,110_-120_1,110,-120,1,3.0523432477233596,0.0
0,,110_-120_2,110,-120,2,2.79677398684047,0.0
0,,100_-130_4,100,-130,4,3.1780387261784266,0.0
0,,90_-140_6,90,-140,6,2.9359312764338186,0.0
0,,90_-150_7,90,-150,7,2.609625281210518,0.0
0,,80_-170_9,80,-170,9,1.3722860649765363,0.0
0,,70_-170_-9,70,-170,-9,3.136457878585551,0.0
0,,70_-160_-8,70,-160,-8,3.0564123738388593,0.0
0,,70_-150_-7,70,-150,-7,2.9255179828055082,0.0
0,,60_-150_-6,60,-150,-6,2.7815187892298057,0.0
0,,60_-140_-5,60,-140,-5,2.54746521967234,0.0
0,,50_-140_-4,50,-140,-4,2.298735807943282,0.0
0,,50_-130_-3,50,-130,-3,1.9851576823400001,0.0
0,,50_-130_-2,50,-130,-2,-80.56218590402499,0.0
0,,40_-130_-1,40,-130,-1,-216.98590339999996,-166.67479656642897
0,,40_-130_0,40,-130,0,-591.249568,-342.29999999999995
0,,30_-130_1,30,-130,1,-700.0,-1043.0
0,,30_-130_2,30,-130,2,-700.0,-700.0
0,,30_-140_3,30,-140,3,-699.5671242630289,1.7673509068414903
0,,420_-40_-9,420,-40,-9,3.3196101918449585,0.0
0,,420_-30_-8,420,-30,-8,3.3158303636444098,0.0
0,,350_-20_-6,350,-20,-6,3.3171753731952,0.0
0,,350_-10_-5,350,-10,-5,3.3214780075123778,0.0
0,,350_-10_-4,350,-10,-4,3.3211156187936015,0.0
0,,350_0_-1,350,0,-1,3.321187140527243,0.0
0,,350_0_0,350,0,0,3.322546509422809,0.0
0,,350_-10_3,350,-10,3,3.3241607811343643,0.0
0,,350_-10_4,350,-10,4,3.3202081191174866,0.0
0,,350_-20_5,350,-20,5,3.3278520245894994,0.0
0,,350_-30_7,350,-30,7,3.3303836316121154,0.0
0,,350_-40_8,350,-40,8,3.328910522256531,0.0
0,,350_-50_9,350,-50,9,3.3321746333985147,0.0
0,,210_-100_0,210,-100,0,3.319289088580169,0.0
0,,210_-110_1,210,-110,1,3.3041908877168966,0.0
0,,420_-20_-7,420,-20,-7,3.309904779478679,0.0
0,,350_0_-2,350,0,-2,3.3203534721683474,0.0
0,,350_0_1,350,0,1,3.3240661314622963,0.0
0,,350_-20_6,350,-20,6,3.3302633056144777,0.0
0,,210_-150_-9,210,-150,-9,3.3273609036441085,0.0
0,,210_-140_-8,210,-140,-8,3.324464382970352,0.0
0,,210_-130_-7,210,-130,-7,3.319214073802651,0.0
0,,210_-130_-6,210,-130,-6,3.2963619338927046,0.0
0,,210_-120_-5,210,-120,-5,3.3218153679927562,0.0
0,,210_-120_-4,210,-120,-4,3.317920301211422,0.0
0,,210_-120_-3,210,-120,-3,3.3280649810437044,0.0
0,,140_-110_-2,140,-110,-2,3.316658958856421,0.0
0,,140_-110_-1,140,-110,-1,3.327576845372657,0.0
0,,140_-110_0,140,-110,0,3.326013260466496,0.0
0,,140_-110_1,140,-110,1,3.322395324675517,0.0
0,,140_-120_2,140,-120,2,3.2735956700219293,0.0
0,,140_-120_3,140,-120,3,3.330119095201467,0.0
0,,140_-120_4,140,-120,4,3.32918422002767,0.0
0,,140_-130_5,140,-130,5,3.31130093021819,0.0
0,,140_-130_6,140,-130,6,3.3255242891463275,0.0
0,,140_-140_7,140,-140,7,3.3272206506250503,0.0
0,,140_-150_8,140,-150,8,3.3248727018193067,0.0
0,,140_-160_9,140,-160,9,-700.0,3.2839886168292893
0,,140_-170_10,140,-170,10,-207.88193284807386,0.0
0,,280_-100_1,280,-100,1,3.118486923744677,0.0
0,,210_-110_-3,210,-110,-3,3.3055714883791767,0.0
0,,210_-110_-2,210,-110,-2,3.3102127442634717,0.0
0,,210_-110_-1,210,-110,-1,3.321490667850043,0.0
0,,140_-110_2,140,-110,2,3.3273463027478787,0.0
0,,140_-150_-9,140,-150,-9,3.3148098361225316,0.0
0,,140_-140_-8,140,-140,-8,3.30331895599823,0.0
0,,140_-130_-7,140,-130,-7,3.2816826971190514,0.0
0,,140_-130_-6,140,-130,-6,3.2485519300344428,0.0
0,,140_-120_-5,140,-120,-5,3.2502635526846824,0.0
0,,140_-120_-4,140,-120,-4,3.309016919583549,0.0
0,,140_-110_-3,140,-110,-3,3.0578472851887195,0.0
0,,130_-110_-2,130,-110,-2,3.20748036923785,0.0
0,,130_-110_-1,130,-110,-1,3.2789273968763233,0.0
0,,130_-110_0,130,-110,0,2.831866988512646,0.0
0,,120_-110_1,120,-110,1,3.1585707334610262,0.0
0,,120_-110_2,120,-110,2,2.289440474135228,0.0
0,,110_-120_3,110,-120,3,3.2802619584735986,0.0
0,,110_-120_4,110,-120,4,3.2908105559576484,0.0
0,,110_-130_5,110,-130,5,2.9253981224419903,0.0
0,,100_-130_6,100,-130,6,3.1655567708610994,0.0
0,,100_-140_7,100,-140,7,2.9342293783688493,0.0
0,,90_-150_8,90,-150,8,3.2343975610487075,0.0
0,,90_-160_9,90,-160,9,3.2605391377564743,0.0
0,,90_-170_10,90,-170,10,2.9603425683468076,0.0
0,,80_-170_-9,80,-170,-9,2.840023339458556,0.0
0,,70_-150_-6,70,-150,-6,2.747495313473601,0.0
0,,60_-140_-4,60,-140,-4,2.227241603070414,0.0
0,,50_-130_-1,50,-130,-1,-130.89671139999996,0.0
0,,40_-130_1,40,-130,1,-342.29999999999995,-444.99
0,,30_-130_-9,30,-130,-9,-1355.1452032945133,-1706.902774140415
0,,30_-120_-8,30,-120,-8,-908.4595985602316,-1043.0
0,,350_0_-3,350,0,-3,3.319877886884086,0.0
0,,350_0_2,350,0,2,3.3249914094198365,0.0
0,,210_-110_0,210,-110,0,3.3170613113550513,0.0
0,,210_-140_-7,210,-140,-7,3.3128546155919767,0.0
0,,210_-130_-5,210,-130,-5,3.2631716260963457,0.0
0,,140_-120_-3,140,-120,-3,3.296680998894049,0.0
0,,140_-120_-2,140,-120,-2,3.3270191784783583,0.0
0,,140_-120_-1,140,-120,-1,3.324938370498618,0.0
0,,140_-120_0,140,-120,0,3.317788048301934,0.0
0,,140_-120_1,140,-120,1,3.303335197649514,0.0
0,,140_-130_4,140,-130,4,3.321110186113185,0.0
0,,140_-140_6,140,-140,6,3.2914842740343624,0.0
0,,130_-130_-5,130,-130,-5,3.190590646337193,0.0
0,,130_-120_-4,130,-120,-4,3.1915166447379395,0.0
0,,120_-120_-2,120,-120,-2,3.247832527427124,0.0
0,,110_-120_0,110,-120,0,3.163130516732262,0.0
0,,100_-120_3,100,-120,3,3.1705189679278214,0.0
0,,90_-130_5,90,-130,5,3.0846524597124296,0.0
0,,90_-140_7,90,-140,7,3.272337781954228,0.0
0,,80_-150_8,80,-150,8,-700.0,2.950423151235619
0,,80_-160_9,80,-160,9,-700.0,2.6424032777098363
0,,70_-170_10,70,-170,10,1.678920847135037,0.0
0,,420_40_-7,420,40,-7,3.298380359830972,0.0
0,,350_50_-6,350,50,-6,1.472158286769159,0.0
0,,350_50_-5,350,50,-5,3.291032933110514,0.0
0,,350_60_-3,350,60,-3,3.0699522462772,0.0
0,,350_60_-2,350,60,-2,3.293800521302251,0.0
0,,350_60_-1,350,60,-1,3.2961581500802084,0.0
0,,350_60_0,350,60,0,3.300263278890762,0.0
0,,350_60_1,350,60,1,3.307872551860822,0.0
0,,350_60_2,350,60,2,3.081160704425148,0.0
0,,350_50_4,350,50,4,3.3246944148783597,0.0
0,,350_50_5,350,50,5,1.5557137493522573,0.0
0,,350_40_6,350,40,6,3.329944179610653,0.0
0,,350_20_9,350,20,9,1.886995198304674,0.0
0,,350_0_10,350,0,10,3.3332570535817236,0.0
0,,120_-20_3,120,-20,3,3.310602637047679,0.0
0,,100_-40_7,100,-40,7,3.2823187571532486,0.0
0,,100_-50_8,100,-50,8,3.2877149240045913,0.0
0,,80_-80_-9,80,-80,-9,2.5632081098521944,0.0
0,,70_-70_-8,70,-70,-8,2.8770184300430506,0.0
0,,70_-70_-7,70,-70,-7,1.3703139421205146,0.0
0,,70_-60_-6,70,-60,-6,1.3679876369806425,0.0
0,,60_-60_-5,60,-60,-5,1.3632400754706997,0.0
0,,60_-50_-4,60,-50,-4,1.536390061183575,0.0
0,,50_-50_-3,50,-50,-3,1.3337779069999998,0.0
0,,50_-50_-2,50,-50,-2,1.2934242999999999,0.0
0,,50_-50_-1,50,-50,-1,1.2110699999999996,0.0
0,,40_-50_0,40,-50,0,1.043,0.0
0,,40_-50_1,40,-50,1,0.7,0.0
0,,30_-50_2,30,-50,2,-700.0,0.0
0,,30_-50_3,30,-50,3,-700.0,0.0
0,,30_-60_4,30,-60,4,2.1872320565107324,0.0
0,,30_-120_-9,30,-120,-9,-398.0953586145878,-1521.8
0,,30_-110_-7,30,-110,-7,-699.0684201172575,-1270.1052610978334
0,,130_-30_3,130,-30,3,3.2805175551650163,0.0
0,,110_-60_8,110,-60,8,-699.0143964568853,0.0
0,,70_-90_-7,70,-90,-7,2.5765908099615182,0.0
0,,70_-80_-6,70,-80,-6,2.102062404078159,0.0
0,,60_-80_-5,60,-80,-5,1.7754332379612274,0.0
0,,50_-70_-3,50,-70,-3,-45.334358326471104,-11.314834439176245
0,,50_-70_-2,50,-70,-2,-77.48661001932777,-137.8080590538128
0,,50_-70_-1,50,-70,-1,-110.69089021899998,-105.82846351270938
0,,40_-70_0,40,-70,0,-197.49375169999996,-341.99612999999994
0,,40_-70_1,40,-70,1,-342.09,-622.1561100606165
0,,30_-70_2,30,-70,2,-1043.0,-700.0
0,,30_-70_-9,30,-70,-9,-1699.198621521255,-1488.5734935837427
0,,120_-110_-1,120,-110,-1,3.2041735466391974,0.0
0,,120_-110_0,120,-110,0,3.2707362200770134,0.0
0,,110_-110_1,110,-110,1,3.2366927075163616,0.0
0,,100_-120_4,100,-120,4,3.2468208239535814,0.0
0,,100_-130_5,100,-130,5,3.2829272025224125,0.0
0,,90_-130_6,90,-130,6,3.2486237309520036,0.0
0,,80_-150_-9,80,-150,-9,3.10779615700189,0.0
0,,70_-140_-8,70,-140,-8,3.025813940159612,0.0
0,,70_-130_-7,70,-130,-7,2.895634370507622,0.0
0,,70_-130_-6,70,-130,-6,2.704428646332066,0.0
0,,60_-120_-5,60,-120,-5,2.41375136690867,0.0
0,,60_-120_-4,60,-120,-4,1.991396448431274,0.0
0,,50_-120_-3,50,-120,-3,-5.6114563006564735,0.0
0,,50_-110_-2,50,-110,-2,-23.05644541203359,0.7
0,,50_-110_-1,50,-110,-1,-80.46956691969996,-49.27509999999999
0,,40_-110_0,40,-110,0,-166.52003899999994,-166.81699999999995
0,,40_-110_1,40,-110,1,-342.09,-342.09
0,,30_-120_2,30,-120,2,-910.0,-700.0
0,,30_-120_3,30,-120,3,-700.0,0.0
0,,30_-120_4,30,-120,4,2.004138416195046,0.0
0,,420_-60_-8,420,-60,-8,2.938223470820261,0.0
0,,350_-60_7,350,-60,7,2.755636469678014,0.0
0,,280_-140_-8,280,-140,-8,3.3226791668710502,0.0
0,,210_-140_7,210,-140,7,3.25493115419176,0.0
0,,210_-150_-8,210,-150,-8,3.3191839698434715,0.0
0,,210_-120_-2,210,-120,-2,3.327875776734756,0.0
0,,210_-120_-1,210,-120,-1,2.835626975072103,0.0
0,,140_-150_7,140,-150,7,3.2511155004420584,0.0
0,,130_-120_-1,130,-120,-1,3.2876456797017317,0.0
0,,130_-120_0,130,-120,0,2.54659847458476,0.0
0,,120_-120_1,120,-120,1,3.3064132325881594,0.0
0,,120_-120_2,120,-120,2,2.851276138281551,0.0
0,,110_-130_4,110,-130,4,3.2836988269790126,0.0
0,,100_-140_6,100,-140,6,3.299204829924008,0.0
0,,100_-150_7,100,-150,7,2.6238872921548486,0.0
0,,70_-170_-8,70,-170,-8,2.9476583886560865,0.0
0,,70_-160_-7,70,-160,-7,2.9429820931414974,0.0
0,,60_-150_-5,60,-150,-5,2.567822004516275,0.0
0,,50_-140_-3,50,-140,-3,1.8607345935332438,0.0
0,,50_-140_-2,50,-140,-2,-80.59647422569418,1.1678926
0,,50_-140_-1,50,-140,-1,1.1678926,0.0
0,,40_-140_0,40,-140,0,-166.62293899999995,-575.9172999999998
0,,40_-140_1,40,-140,1,-342.09,-342.29999999999995
0,,30_-140_2,30,-140,2,-910.0,-700.0
0,,30_-150_4,30,-150,4,1.6670375540682352,0.0
0,,420_-70_-9,420,-70,-9,2.7317933093151328,0.0
0,,350_-50_-6,350,-50,-6,1.9957839745576542,0.0
0,,350_-40_-4,350,-40,-4,2.9141199518690817,0.0
0,,350_-40_3,350,-40,3,2.7291562812918717,0.0
0,,350_-50_5,350,-50,5,1.9708892574333359,0.0
0,,350_-70_8,350,-70,8,2.8283259621391323,0.0
0,,350_-80_9,350,-80,9,2.0803920535262517,0.0
0,,350_-100_10,350,-100,10,2.3072500127611035,0.0
0,,280_-100_2,280,-100,2,2.2669989457233983,0.0
0,,130_-110_1,130,-110,1,1.8218258323262615,0.0
0,,120_-120_3,120,-120,3,1.9072629137286943,0.0
0,,110_-130_6,110,-130,6,1.8455140990680265,0.0
0,,100_-150_8,100,-150,8,1.9729316448321585,0.0
0,,90_-180_10,90,-180,10,1.468629088687123,0.0
0,,80_-180_-9,80,-180,-9,2.575887749591167,0.0
0,,70_-160_-6,70,-160,-6,1.6971746617895682,0.0
0,,60_-150_-4,60,-150,-4,2.260626101604854,0.0
0,,30_-140_-9,30,-140,-9,-700.0,0.0
0,,30_-130_-8,30,-130,-8,1.5708855977632847,0.0
0,,420_-10_-9,420,-10,-9,3.3288341085002964,0.0
0,,350_10_-6,350,10,-6,3.3285936631642747,0.0
0,,350_20_-4,350,20,-4,3.3288439980321436,0.0
0,,350_20_-3,350,20,-3,3.3257379991908276,0.0
0,,350_20_2,350,20,2,3.329547376718858,0.0
0,,350_20_3,350,20,3,3.332140910084342,0.0
0,,350_10_5,350,10,5,3.3327326490310134,0.0
0,,350_-10_8,350,-10,8,3.33290716113767,0.0
0,,350_-20_9,350,-20,9,3.332906730231057,0.0
0,,280_0_0,280,0,0,3.3327631176854737,0.0
0,,280_0_1,280,0,1,3.3323723278319455,0.0
0,,280_-10_4,280,-10,4,3.332314360854001,0.0
0,,280_-20_6,280,-20,6,3.3324758899830256,0.0
0,,140_-30_-7,140,-30,-7,3.3281161478031285,0.0
0,,140_-20_-5,140,-20,-5,3.32409377583789,0.0
0,,140_-10_-2,140,-10,-2,3.332654704131066,0.0
0,,140_-10_-1,140,-10,-1,3.332761596637951,0.0
0,,140_-10_0,140,-10,0,3.3326793309269007,0.0
0,,140_-20_2,140,-20,2,3.3270044729684605,0.0
0,,130_-20_4,130,-20,4,3.3279933745394485,0.0
0,,130_-30_5,130,-30,5,3.32690964852305,0.0
0,,120_-30_6,120,-30,6,3.3254253737506185,0.0
0,,120_-40_7,120,-40,7,3.322570475612073,0.0
0,,110_-70_10,110,-70,10,3.3049031143255148,0.0
0,,100_-90_10,100,-90,10,3.277503261442561,0.0
0,,90_-120_10,90,-120,10,3.1680998615685727,0.0
0,,80_-130_10,80,-130,10,-700.0,3.0733790688136686
0,,80_-140_10,80,-140,10,-700.0,0.0
0,,70_-140_10,70,-140,10,1.5800542442330754,0.0
0,,420_20_-8,420,20,-8,3.2643583571072785,0.0
0,,420_30_-7,420,30,-7,3.2672834006314195,0.0
0,,350_40_-6,350,40,-6,3.2955484124091785,0.0
0,,350_40_-5,350,40,-5,3.2563589326094804,0.0
0,,350_50_-3,350,50,-3,3.2977122012076188,0.0
0,,350_50_-2,350,50,-2,3.285241656690781,0.0
0,,350_50_-1,350,50,-1,3.2832765767985856,0.0
0,,350_50_0,350,50,0,3.281503453346346,0.0
0,,350_50_1,350,50,1,3.2812286229262444,0.0
0,,350_50_2,350,50,2,3.3191282796997537,0.0
0,,350_40_4,350,40,4,3.3007125311248138,0.0
0,,350_40_5,350,40,5,3.328142224368103,0.0
0,,350_30_6,350,30,6,3.307182785606976,0.0
0,,350_20_7,350,20,7,3.3173364419780054,0.0
0,,350_10_9,350,10,9,3.3332667567690137,0.0
0,,120_-30_3,120,-30,3,3.2846635364309664,0.0
0,,100_-60_8,100,-60,8,3.276516881783593,0.0
0,,80_-100_10,80,-100,10,3.0895914603006096,0.0
0,,70_-110_-9,70,-110,-9,2.992059717875678,0.0
0,,60_-80_-6,60,-80,-6,1.9388667160147688,0.0
0,,50_-80_-4,50,-80,-4,-14.629533793835218,0.0
0,,40_-70_-1,40,-70,-1,-166.56043480999995,-166.78085858985997
0,,30_-70_1,30,-70,1,-1043.0,-700.0
0,,30_-60_-9,30,-60,-9,-1521.6610985889745,-1227.275974173479
0,,80_-120_-9,80,-120,-9,2.9266903767625716,0.0
0,,70_-110_-8,70,-110,-8,2.7077824388614147,0.0
0,,70_-110_-7,70,-110,-7,2.94341899249197,0.0
0,,70_-100_-6,70,-100,-6,1.936543779356801,0.0
0,,60_-100_-5,60,-100,-5,2.457803921546627,0.0
0,,60_-90_-4,60,-90,-4,-16.973897800410093,0.0
0,,50_-90_-3,50,-90,-3,-16.05264164662599,0.0
0,,50_-90_-2,50,-90,-2,-35.123168130513235,0.7
0,,50_-90_-1,50,-90,-1,-105.28261336599999,-73.90240145221968
0,,40_-90_0,40,-90,0,-217.14413,-248.9080048407322
0,,40_-90_1,40,-90,1,-342.09,0.0
0,,30_-90_2,30,-90,2,-700.0,-700.0
0,,30_-90_3,30,-90,3,-700.0,0.0
0,,30_-100_4,30,-100,4,2.7508506253752274,0.0
0,,140_0_-2,140,0,-2,3.1622171585527523,0.0
0,,130_-20_-5,130,-20,-5,3.0390826071281394,0.0
0,,130_-20_-4,130,-20,-4,3.321364121875403,0.0
0,,130_-20_-3,130,-20,-3,3.3189925656762735,0.0
0,,120_-10_-2,120,-10,-2,2.946674592718216,0.0
0,,120_-10_-1,120,-10,-1,3.3132853458637244,0.0
0,,110_-10_0,110,-10,0,3.0348211014309427,0.0
0,,110_-10_1,110,-10,1,3.309980518795097,0.0
0,,110_-20_2,110,-20,2,3.3096525434991926,0.0
0,,100_-20_3,100,-20,3,3.2454946899333335,0.0
0,,100_-20_4,100,-20,4,3.3005577913057356,0.0
0,,90_-30_5,90,-30,5,3.1952645058057474,0.0
0,,90_-30_6,90,-30,6,3.2888910261315547,0.0
0,,90_-40_7,90,-40,7,3.2777134523723577,0.0
0,,80_-50_8,80,-50,8,-700.0,3.2174027496059123
0,,80_-60_9,80,-60,9,-700.0,3.2462975034105996
0,,70_-70_10,70,-70,10,1.4670440151559556,0.0
0,,420_20_-9,420,20,-9,3.302227501204797,0.0
0,,420_30_-8,420,30,-8,3.3004085056446106,0.0
0,,350_50_-4,350,50,-4,3.2930936145094956,0.0
0,,350_50_3,350,50,3,3.3212201533170527,0.0
0,,350_30_7,350,30,7,3.332519811466798,0.0
0,,350_20_8,350,20,8,3.333178297905445,0.0
0,,280_0_2,280,0,2,3.331680996437755,0.0
0,,140_-10_-3,140,-10,-3,3.3222265645211575,0.0
0,,130_-10_0,130,-10,0,3.3154089327974674,0.0
0,,130_-10_1,130,-10,1,3.3179256757050775,0.0
0,,130_-10_2,130,-10,2,3.2605591941613388,0.0
0,,120_-20_4,120,-20,4,3.296641156771641,0.0
0,,110_-30_6,110,-30,6,3.313962694648036,0.0
0,,70_-100_-9,70,-100,-9,2.799939674827902,0.0
0,,70_-90_-8,70,-90,-8,2.5723073825829847,0.0
0,,70_-80_-7,70,-80,-7,2.2809623490236763,0.0
0,,60_-70_-5,60,-70,-5,-0.6188396437460393,1.5833742660912928
0,,50_-70_-4,50,-70,-4,-3.5712376764162213,-8.776926629420496
0,,50_-60_-3,50,-60,-3,1.8522518699999995,0.0
0,,50_-60_-2,50,-60,-2,1.6789625999999997,0.0
0,,40_-60_-1,40,-60,-1,1.0129,0.0
0,,40_-60_0,40,-60,0,-342.09,0.7
0,,30_-60_1,30,-60,1,-700.0,-700.0
0,,30_-60_2,30,-60,2,-700.0,0.0
0,,30_-70_3,30,-70,3,2.006638927614339,0.0
0,,130_-30_-5,130,-30,-5,3.2780191866595114,0.0
0,,120_-20_-2,120,-20,-2,3.2710695317491925,0.0
0,,120_-20_-1,120,-20,-1,3.288922220292227,0.0
0,,110_-20_0,110,-20,0,3.226105587998572,0.0
0,,110_-20_1,110,-20,1,3.282199563152235,0.0
0,,100_-30_4,100,-30,4,3.268844583362509,0.0
0,,90_-40_6,90,-40,6,3.239397912385072,0.0
0,,90_-50_7,90,-50,7,3.228025910751769,0.0
0,,80_-50_-9,80,-50,-9,3.2323716579838435,0.0
0,,70_-40_-8,70,-40,-8,3.228360608764807,0.0
0,,70_-30_-7,70,-30,-7,3.174956222239058,0.0
0,,70_-20_-6,70,-20,-6,3.124568590858925,0.0
0,,60_-20_-5,60,-20,-5,2.977413587716454,0.0
0,,60_-20_-4,60,-20,-4,2.72676417426036,0.0
0,,50_-10_-3,50,-10,-3,3.1402536887221295,0.0
0,,50_-10_-2,50,-10,-2,1.6484877740598614,0.0
0,,50_-10_-1,50,-10,-1,-21.53356558895919,0.0
0,,40_-10_0,40,-10,0,-166.36291528796053,-47.28691247367295
0,,40_-10_1,40,-10,1,-510.09699999999987,2.9340164561190973
0,,30_-10_2,30,-10,2,-700.0,0.0
0,,30_-20_3,30,-20,3,-910.0,-700.0
0,,30_-20_4,30,-20,4,2.1496595052182044,0.0
0,,30_-110_-9,30,-110,-9,-1522.1219499410265,-1042.355195041649
0,,30_-100_-8,30,-100,-8,-1252.541835253769,-1211.07
0,,420_40_-9,420,40,-9,3.2916113891018903,0.0
0,,420_50_-8,420,50,-8,3.2993079299407726,0.0
0,,420_60_-7,420,60,-7,3.2987840546590235,0.0
0,,350_70_-5,350,70,-5,3.2921716006904758,0.0
0,,350_70_-4,350,70,-4,3.294157514546596,0.0
0,,350_80_-2,350,80,-2,3.311143511352367,0.0
0,,350_80_-1,350,80,-1,3.309456281864137,0.0
0,,350_80_0,350,80,0,3.3089671782946364,0.0
0,,350_80_1,350,80,1,3.3098486624469516,0.0
0,,350_70_3,350,70,3,3.30718642224653,0.0
0,,350_70_4,350,70,4,3.3209738364287293,0.0
0,,350_60_6,350,60,6,3.332462962245597,0.0
0,,350_50_7,350,50,7,3.3328378061878925,0.0
0,,350_40_8,350,40,8,3.3332004063398615,0.0
0,,130_-10_-2,130,-10,-2,3.3169432546380295,0.0
0,,130_-10_-1,130,-10,-1,3.3169976632241194,0.0
0,,120_-10_1,120,-10,1,3.309160746896413,0.0
0,,110_-20_3,110,-20,3,3.3049645270867605,0.0
0,,110_-20_4,110,-20,4,3.2994517677879935,0.0
0,,100_-30_6,100,-30,6,3.29940756959067,0.0
0,,90_-50_8,90,-50,8,3.2636136637915594,0.0
0,,80_-70_-9,80,-70,-9,3.1014826795252928,0.0
0,,70_-60_-8,70,-60,-8,2.999763021120083,0.0
0,,70_-50_-7,70,-50,-7,2.8703922226871055,0.0
0,,70_-50_-6,70,-50,-6,2.719527325326198,0.0
0,,60_-40_-5,60,-40,-5,2.4867666080476027,0.0
0,,60_-40_-4,60,-40,-4,2.3744096977038764,0.0
0,,50_-40_-3,50,-40,-3,-9.858382427007506,-9.748697241187577
0,,50_-30_-2,50,-30,-2,1.6878163913320496,0.0
0,,50_-30_-1,50,-30,-1,-47.57247872999999,1.043
0,,40_-30_0,40,-30,0,-99.23029899999999,-341.7670903298295
0,,40_-30_1,40,-30,1,-101.927,-342.29999999999995
0,,30_-40_2,30,-40,2,-1253.0,-700.0
0,,30_-40_3,30,-40,3,-908.9566086311906,-801.9279498347662
0,,30_-40_4,30,-40,4,2.8763509039004873,0.0
0,,80_-140_-9,80,-140,-9,2.9706306753392373,0.0
0,,70_-120_-6,70,-120,-6,2.7096028552950506,0.0
0,,60_-110_-4,60,-110,-4,2.4310897235454982,0.0
0,,50_-110_-3,50,-110,-3,1.4359062420836652,0.0
0,,30_-100_-9,30,-100,-9,-1163.480124689456,-373.57081730215583
0,,30_-90_-8,30,-90,-8,-909.0606701928637,-1043.0
0,,30_-80_-7,30,-80,-7,3.1880375657849394,0.0
0,,350_90_-3,350,90,-3,3.3316538617015334,0.0
0,,350_90_2,350,90,2,3.3326481543085884,0.0
0,,120_-10_0,120,-10,0,3.3126812397685748,0.0
0,,100_-30_5,100,-30,5,3.292588550040245,0.0
0,,70_-30_-6,70,-30,-6,3.0833792189380587,0.0
0,,50_-20_-3,50,-20,-3,2.3282411163564616,0.0
0,,30_-20_2,30,-20,2,-1355.9,-1252.706464917575
0,,30_-10_-9,30,-10,-9,-1169.5084036808707,-1128.5554906431114
0,,130_-110_-3,130,-110,-3,3.162275761089642,0.0
0,,110_-110_2,110,-110,2,3.2591760192810444,0.0
0,,80_-170_10,80,-170,10,3.232613121641543,0.0
0,,40_-140_-1,40,-140,-1,-80.58767121999996,0.0
0,,30_-140_1,30,-140,1,-1043.0,-1364.0211496143113
0,,350_70_-6,350,70,-6,3.3105230622252853,0.0
0,,350_80_-3,350,80,-3,3.3203904106984634,0.0
0,,350_80_2,350,80,2,3.3189188848113025,0.0
0,,350_70_5,350,70,5,3.3323993854680443,0.0
0,,350_40_9,350,40,9,3.3332679934423597,0.0
0,,120_-20_0,120,-20,0,3.2940696403419794,0.0
0,,80_-70_10,80,-70,10,3.172569487835801,0.0
0,,70_-80_-9,70,-80,-9,2.9202104833477427,0.0
0,,70_-60_-7,70,-60,-7,2.6120192262373356,0.0
0,,60_-50_-6,60,-50,-6,2.1506939915527257,0.0
0,,60_-50_-5,60,-50,-5,1.4252254362541414,0.0
0,,50_-50_-4,50,-50,-4,-3.401576432242263,0.0
0,,50_-40_-2,50,-40,-2,-22.694924121327333,-49.235108226015065
0,,40_-40_-1,40,-40,-1,-48.59782541903538,-166.89369408671686
0,,40_-40_0,40,-40,0,-342.09,-101.22794983476611
0,,30_-40_1,30,-40,1,-1043.0,-700.0
0,,30_-30_-9,30,-30,-9,-1325.316379021026,-1643.9022112764878
0,,30_-20_-8,30,-20,-8,-89.7963637781071,-1145.8119394752723
0,,30_-50_-8,30,-50,-8,-1394.998743806206,-1253.0
0,,120_-50_7,120,-50,7,3.197579121255443,0.0
0,,70_-120_-8,70,-120,-8,3.0847125722294115,0.0
0,,30_-80_-9,30,-80,-9,-329.20056111985724,-1304.093132319011
0,,30_-70_-8,30,-70,-8,-1252.5623728973828,-1042.3319651842244
0,,420_50_-9,420,50,-9,3.322916225387023,0.0
0,,420_60_-8,420,60,-8,3.3290278409513245,0.0
0,,420_70_-7,420,70,-7,3.3290998008512123,0.0
0,,350_80_-5,350,80,-5,3.329698962346731,0.0
0,,350_80_-4,350,80,-4,3.3247548010165815,0.0
0,,350_90_-2,350,90,-2,3.330719453399496,0.0
0,,350_90_-1,350,90,-1,3.3306949439302613,0.0
0,,350_90_0,350,90,0,3.3307819089579342,0.0
0,,350_90_1,350,90,1,3.331101604750124,0.0
0,,350_80_3,350,80,3,3.330221353382843,0.0
0,,350_80_4,350,80,4,3.3326904607464924,0.0
0,,350_70_6,350,70,6,3.333164220298787,0.0
0,,350_60_7,350,60,7,3.3332308846732013,0.0
0,,350_50_8,350,50,8,3.3331283213178278,0.0
0,,130_-30_-4,130,-30,-4,3.1947063798434128,0.0
0,,80_-60_-9,80,-60,-9,1.438498659416792,0.0
0,,70_-50_-8,70,-50,-8,3.044832883897798,0.0
0,,70_-40_-7,70,-40,-7,3.0204163369393786,0.0
0,,60_-30_-5,60,-30,-5,2.913164074470169,0.0
0,,60_-30_-4,60,-30,-4,1.5778071834938,0.0
0,,50_-20_-2,50,-20,-2,2.358313077620156,0.0
0,,50_-20_-1,50,-20,-1,-6.677499844761984,2.1554519996612673
0,,40_-20_0,40,-20,0,-166.81699999999995,-480.3363022823833
0,,40_-20_1,40,-20,1,-715.8161678096117,-342.29999999999995
0,,30_-10_-8,30,-10,-8,-699.1202286625196,-698.5167404736628
0,,30_-90_-9,30,-90,-9,-1467.5192595103285,-1523.8254100605748
0,,30_-80_-8,30,-80,-8,-1321.117891882064,-1073.5223689012323
0,,30_-60_-8,30,-60,-8,-1626.4205539266661,-1834.2765061208574
0,,30_-50_-9,30,-50,-9,-1542.8489971138633,-518.9543970858851
0,,30_0_-9,30,0,-9,-207.01310325302214,-907.660847857732
0,,40_-60_-9,40,-60,-9,-715.8093011774652,-578.871465305281
0,,30_-50_-7,30,-50,-7,-373.47701491472196,-1420.8669370775272
0,,30_-40_-6,30,-40,-6,-207.49273332673914,-1051.851561104395
0,,40_-80_-9,40,-80,-9,-152.249798882081,-510.23340287225903
0,,30_-60_-7,30,-60,-7,-700.0,-1042.1691714787476
0,,30_-50_-6,30,-50,-6,1.9009118142190855,0.0
0,,210_-130_-9,210,-130,-9,3.2814314892232535,0.0
0,,210_-120_-8,210,-120,-8,3.284482858453429,0.0
0,,210_-100_-4,210,-100,-4,3.301555412532064,0.0
0,,140_-100_3,140,-100,3,3.2702666313685125,0.0
0,,140_-120_7,140,-120,7,3.2530247458954547,0.0
0,,140_-130_8,140,-130,8,3.2671801057370518,0.0
0,,140_-130_-9,140,-130,-9,3.259649834823766,0.0
0,,140_-120_-8,140,-120,-8,3.2672824531512963,0.0
0,,140_-120_-7,140,-120,-7,3.2926264360062873,0.0
0,,140_-110_-6,140,-110,-6,3.292981648705547,0.0
0,,140_-110_-5,140,-110,-5,3.2929680156636385,0.0
0,,130_-100_-4,130,-100,-4,3.291680717240469,0.0
0,,130_-100_-3,130,-100,-3,3.2889232508751958,0.0
0,,130_-100_-2,130,-100,-2,3.285433534383418,0.0
0,,120_-100_-1,120,-100,-1,3.281464685928439,0.0
0,,120_-100_0,120,-100,0,3.277106719597163,0.0
0,,110_-100_1,110,-100,1,3.2724522257295297,0.0
0,,110_-100_2,110,-100,2,3.2669662087530495,0.0
0,,110_-100_3,110,-100,3,3.259784272713934,0.0
0,,100_-110_4,100,-110,4,3.2503981441980807,0.0
0,,100_-110_5,100,-110,5,3.240027282395661,0.0
0,,90_-120_6,90,-120,6,3.231913330529866,0.0
0,,90_-120_7,90,-120,7,3.23392356034081,0.0
0,,90_-130_8,90,-130,8,3.2311918332948713,0.0
0,,80_-140_9,80,-140,9,-700.0,3.197322748224516
0,,80_-150_10,80,-150,10,-700.0,0.0
0,,70_-160_10,70,-160,10,2.1672762986884977,0.0
0,,80_-40_-9,80,-40,-9,3.2102663637340365,0.0
0,,60_-10_-4,60,-10,-4,3.1141761555048717,0.0
0,,30_10_-8,30,10,-8,-700.0,3.199125888816643
0,,30_10_-7,30,10,-7,2.180917549359878,0.0
0,,70_-30_-8,70,-30,-8,3.087649683068008,0.0
0,,60_-10_-5,60,-10,-5,2.6936429625656744,0.0
0,,50_0_-1,50,0,-1,2.3912382928275124,0.0
0,,40_0_0,40,0,0,2.5803016774915384,0.0
0,,30_10_-9,30,10,-9,2.96217463647144,0.0
0,,30_20_-8,30,20,-8,2.707755667213506,0.0
0,,20_30_-7,20,30,-7,3.2627770746952196,0.0
0,,20_30_-6,20,30,-6,2.572319877199657,0.0
0,,10_40_-5,10,40,-5,3.2621721881398593,0.0
0,,10_40_-4,10,40,-4,2.848600153606298,0.0
0,,10_50_-3,10,50,-3,3.219040446822518,0.0
0,,0_50_-2,0,50,-2,3.229369643245205,0.0
0,,0_50_-1,0,50,-1,2.8467065332640296,0.0
0,,-10_50_0,-10,50,0,3.17451231247692,0.0
0,,-10_50_1,-10,50,1,2.9366919891100123,0.0
0,,-10_50_2,-10,50,2,3.039122726803934,0.0
0,,-20_40_3,-20,40,3,2.8627908853049138,0.0
0,,-20_40_4,-20,40,4,2.537198655261111,0.0
0,,-30_30_5,-30,30,5,-699.5252354225773,2.6282183833052355
0,,-30_30_6,-30,30,6,-700.0,2.4398304390581416
0,,-30_20_7,-30,20,7,-700.0,2.2908575553846893
0,,110_-90_8,110,-90,8,2.2357221506323657,0.0
0,,10_40_-3,10,40,-3,2.6751609086188255,0.0
0,,-10_40_2,-10,40,2,2.836582071802993,0.0
0,,-30_30_-9,-30,30,-9,2.4783577936426244,0.0
0,,110_-70_-8,110,-70,-8,1.3725453799772702,0.0
0,,100_-60_-7,100,-60,-7,1.9478232276260494,0.0
0,,100_-50_-6,100,-50,-6,1.3725338607966278,0.0
0,,90_-50_-5,90,-50,-5,2.0535641403121425,0.0
0,,90_-40_-4,90,-40,-4,1.3724858842008663,0.0
0,,90_-40_-3,90,-40,-3,1.3724201718385027,0.0
0,,80_-40_-2,80,-40,-2,1.9464079599006825,0.0
0,,80_-40_-1,80,-40,-1,1.3720123775031354,0.0
0,,70_-40_0,70,-40,0,2.0479889229809323,0.0
0,,70_-40_1,70,-40,1,1.9113321907943202,0.0
0,,70_-40_2,70,-40,2,1.3679876369806425,0.0
0,,60_-40_3,60,-40,3,1.3632400754706997,0.0
0,,60_-50_4,60,-50,4,1.3535511744299997,0.0
0,,50_-50_5,50,-50,5,1.3337779069999998,0.0
0,,50_-60_6,50,-60,6,1.64951829,0.0
0,,50_-70_7,50,-70,7,1.2110699999999996,0.0
0,,40_-70_8,40,-70,8,1.043,0.0
0,,40_-80_9,40,-80,9,0.7,0.0
0,,30_-90_10,30,-90,10,-700.0,2.3129712254741372
0,,30_-100_10,30,-100,10,-910.0,-1344.6904420736896
0,,30_-110_10,30,-110,10,-699.3360440958319,2.323437407830702
0,,30_-110_-8,30,-110,-8,-699.0452900475434,-801.1924714379425
0,,30_-40_-9,30,-40,-9,-1094.672196231811,-1629.3921624180352
0,,30_-40_-8,30,-40,-8,-1622.9697862634855,-1664.960494051621
0,,30_0_-8,30,0,-8,-271.1351935541712,-1041.7640559209572
0,,40_-120_-9,40,-120,-9,-342.00978891107957,-653.1717741404151
0,,30_-20_-9,30,-20,-9,-1580.9448138047533,-1538.127291883413
0,,40_-100_-9,40,-100,-9,-101.99,-718.3844371600609
0,,210_-100_-1,210,-100,-1,2.300545060836848,0.0
0,,130_-120_-5,130,-120,-5,2.091296505257388,0.0
0,,120_-110_-2,120,-110,-2,1.8974866092646498,0.0
0,,110_-110_0,110,-110,0,2.1334737930746672,0.0
0,,70_-130_-8,70,-130,-8,3.0355669082049217,0.0
0,,70_-120_-7,70,-120,-7,2.981753229918966,0.0
0,,60_-110_-5,60,-110,-5,2.6287226638952554,0.0
0,,50_-100_-3,50,-100,-3,1.874345015746993,0.0
0,,50_-100_-2,50,-100,-2,-22.95685460886289,1.17696838
0,,50_-100_-1,50,-100,-1,-80.52590236599997,-49.062162622106925
0,,40_-100_0,40,-100,0,-166.62022999999996,-166.66744207368973
0,,40_-100_1,40,-100,1,-547.827,-445.2
0,,30_-100_2,30,-100,2,-910.0,-1043.0
0,,30_-110_3,30,-110,3,-700.0,0.0
0,,30_-110_4,30,-110,4,2.038578721564415,0.0
0,,280_-150_-9,280,-150,-9,3.217197146490873,0.0
0,,280_-120_-4,280,-120,-4,3.227430209255698,0.0
0,,210_-120_3,210,-120,3,3.2151926464793896,0.0
0,,210_-150_8,210,-150,8,3.1788205503331453,0.0
0,,210_-160_-9,210,-160,-9,3.209877389644854,0.0
0,,210_-130_-4,210,-130,-4,3.197829866589303,0.0
0,,140_-130_3,140,-130,3,3.2132641481181863,0.0
0,,140_-160_8,140,-160,8,3.1746492633241243,0.0
0,,30_-10_-7,30,-10,-7,-699.3612102362682,-1251.2766542866561
0,,80_-130_-9,80,-130,-9,3.149254056655981,0.0
0,,70_-110_-6,70,-110,-6,2.836383856783221,0.0
0,,60_-100_-4,60,-100,-4,2.326620727763002,0.0
0,,80_-160_-9,80,-160,-9,1.4558708241712535,0.0
0,,70_-150_-8,70,-150,-8,2.70719578404523,0.0
0,,70_-140_-7,70,-140,-7,2.355103234578489,0.0
0,,60_-130_-5,60,-130,-5,1.796222589536202,0.0
0,,60_-130_-4,60,-130,-4,1.6289152148948,0.0
0,,50_-120_-2,50,-120,-2,-22.973122423720724,-13.671547606971874
0,,50_-120_-1,50,-120,-1,-80.58688574906908,-49.076795356572916
0,,40_-120_0,40,-120,0,-166.81699999999995,-166.71621785524303
0,,40_-120_1,40,-120,1,-342.29999999999995,-372.83949490367695
0,,30_-130_3,30,-130,3,-700.0,0.0
0,,30_-130_4,30,-130,4,1.8756981761329836,0.0
0,,130_-10_-3,130,-10,-3,3.2588589573241107,0.0
0,,110_-10_2,110,-10,2,3.275621274963898,0.0
0,,70_-70_-9,70,-70,-9,3.093100873601849,0.0
0,,50_-40_-4,50,-40,-4,1.3649133995955067,0.0
0,,50_-30_-3,50,-30,-3,2.0872705022797495,0.0
0,,40_-30_-1,40,-30,-1,-80.94391269999997,1.0758999999999999
0,,40_-70_-9,40,-70,-9,-860.0526729217166,-613.1863691054647
0,,30_-70_-7,30,-70,-7,-909.8102152331793,-801.7680939021785
0,,40_-30_-9,40,-30,-9,-101.90838413472464,-560.5348796985254
0,,30_-90_-7,30,-90,-7,-207.4709920595121,-1241.5023316053332
0,,30_-80_4,30,-80,4,2.2732278671365687,0.0
0,,210_-100_-5,210,-100,-5,2.1304863641738643,0.0
0,,140_-90_-1,140,-90,-1,1.746613665957531,0.0
0,,140_-90_0,140,-90,0,2.1359462570561862,0.0
0,,140_-100_4,140,-100,4,2.1516340498340156,0.0
0,,140_-100_-5,140,-100,-5,2.067279925689821,0.0
0,,120_-90_-1,120,-90,-1,1.720069128438341,0.0
0,,120_-90_0,120,-90,0,2.0817737315068188,0.0
0,,100_-100_4,100,-100,4,2.0899305140616145,0.0
0,,30_-100_3,30,-100,3,-699.0425661517063,0.0
0,,80_-100_-9,80,-100,-9,2.0269989765160963,0.0
0,,60_-70_-4,60,-70,-4,1.7522310108578667,0.0
0,,50_-60_-1,50,-60,-1,1.043,0.0
0,,40_-50_-9,40,-50,-9,-984.9916600604931,-777.4912538452911
0,,30_-30_-7,30,-30,-7,-1105.2410315195455,-1452.994647276191
0,,140_-140_-9,140,-140,-9,1.7241503579977815,0.0
0,,140_-130_-8,140,-130,-8,3.156952908731355,0.0
0,,130_-110_-4,130,-110,-4,2.1083335703378983,0.0
0,,110_-110_3,110,-110,3,2.0743945826401298,0.0
0,,90_-130_7,90,-130,7,3.1005718318682365,0.0
0,,90_-140_8,90,-140,8,2.09575959599086,0.0
0,,40_-90_-9,40,-90,-9,-555.792590938404,-510.22541006057475
0,,30_-30_4,30,-30,4,2.219191768732822,0.0
0,,40_-20_-9,40,-20,-9,-540.2924477437182,-430.1688637834123
0,,30_0_-6,30,0,-6,2.1457502548873033,0.0
0,,40_-80_-8,40,-80,-8,-166.75399999999996,-299.76132086167763
0,,30_-70_-6,30,-70,-6,-700.0,-1315.8462567820957
0,,30_-60_-5,30,-60,-5,2.275711340458457,0.0
0,,40_0_-9,40,0,-9,-131.22524468218535,-99.81682886219765
0,,30_20_-9,30,20,-9,3.1364467865663435,0.0
0,,30_30_-8,30,30,-8,2.1615664620149597,0.0
0,,20_40_-6,20,40,-6,3.222302553804193,0.0
0,,10_50_-5,10,50,-5,3.029635697380113,0.0
0,,10_50_-4,10,50,-4,3.068849863913245,0.0
0,,0_60_-1,0,60,-1,2.1538258432586113,0.0
0,,-10_60_0,-10,60,0,2.8550767631334093,0.0
0,,-20_50_3,-20,50,3,2.621065069390324,0.0
0,,-20_50_4,-20,50,4,1.9767761931274483,0.0
0,,-30_40_5,-30,40,5,2.122004771577281,0.0
0,,-30_40_-9,-30,40,-9,1.9961254458255815,0.0
0,,110_50_-8,110,50,-8,1.3725453799772702,0.0
0,,100_60_-7,100,60,-7,1.3725415917903474,0.0
0,,100_70_-6,100,70,-6,1.3725338607966278,0.0
0,,90_70_-5,90,70,-5,1.3725180832584243,0.0
0,,90_70_-4,90,70,-4,2.0051447424366473,0.0
0,,90_80_-3,90,80,-3,1.922093505192912,0.0
0,,80_80_-2,80,80,-2,1.3722860649765363,0.0
0,,80_80_-1,80,80,-1,1.9465533262863874,0.0
0,,70_80_0,70,80,0,1.371453831639052,0.0
0,,70_80_1,70,80,1,2.048936330843178,0.0
0,,70_80_2,70,80,2,1.9139635677694369,0.0
0,,60_70_3,60,70,3,1.841064950526968,0.0
0,,60_70_4,60,70,4,1.9182310565399607,0.0
0,,50_70_5,50,70,5,1.3337779069999998,0.0
0,,50_60_6,50,60,6,1.9540429163305326,0.0
0,,50_50_7,50,50,7,1.767378829245985,0.0
0,,40_40_8,40,40,8,1.7070126366714018,0.0
0,,40_40_9,40,40,9,0.7,0.0
0,,30_30_10,30,30,10,-700.0,0.0
0,,30_20_10,30,20,10,-700.0,1.4623600027963433
0,,30_10_10,30,10,10,-699.3178001398112,1.9191213928457436
0,,40_-10_-9,40,-10,-9,-340.8926867809223,2.970310203390342
0,,20_20_-7,20,20,-7,2.9405259451202075,0.0
0,,10_30_-5,10,30,-5,2.747056874456928,0.0
0,,0_40_-2,0,40,-2,2.6078442914679245,0.0
0,,0_40_-1,0,40,-1,2.4564165301346517,0.0
0,,-10_40_0,-10,40,0,2.5404016933991227,0.0
0,,-10_40_1,-10,40,1,2.9150200415609993,0.0
0,,-20_30_4,-20,30,4,2.627279267521034,0.0
0,,-30_20_6,-30,20,6,-700.0,2.4134625747896234
0,,110_30_-8,110,30,-8,1.3725453799772702,0.0
0,,100_40_-7,100,40,-7,1.3725415917903474,0.0
0,,100_50_-6,100,50,-6,2.429688490675032,0.0
0,,90_50_-5,90,50,-5,1.3725180832584243,0.0
0,,90_60_-4,90,60,-4,2.3341430219745427,0.0
0,,90_60_-3,90,60,-3,2.1155418895397666,0.0
0,,80_60_-2,80,60,-2,1.3722860649765363,0.0
0,,80_60_-1,80,60,-1,1.3720123775031354,0.0
0,,70_60_0,70,60,0,1.371453831639052,0.0
0,,70_60_1,70,60,1,2.2381454194134864,0.0
0,,70_60_2,70,60,2,2.300104564851699,0.0
0,,60_60_3,60,60,3,1.3632400754706997,0.0
0,,60_50_4,60,50,4,1.3535511744299997,0.0
0,,50_50_5,50,50,5,1.7218728710075257,0.0
0,,50_40_6,50,40,6,2.072661055029919,0.0
0,,50_30_7,50,30,7,1.2110699999999996,0.0
0,,40_30_8,40,30,8,1.043,0.0
0,,40_20_9,40,20,9,1.2311490536253862,0.0
0,,30_0_10,30,0,10,-910.0,-1042.0377585923222
0,,30_-10_10,30,-10,10,-699.339370719762,0.0
0,,50_-60_-9,50,-60,-9,-112.5943800610055,-19.340616386638374
0,,40_-50_-8,40,-50,-8,-166.4614529141864,0.0
0,,40_-40_-7,40,-40,-7,-101.8297895392978,-655.0736138556457
0,,30_-30_-5,30,-30,-5,-700.0,-1291.4695423963444
0,,30_-30_-4,30,-30,-4,-207.70019704036187,0.0
0,,50_-60_-8,50,-60,-8,1.6567452999999999,0.0
0,,40_-50_-7,40,-50,-7,1.043,0.0
0,,40_-40_-6,40,-40,-6,0.7,0.0
0,,30_-40_-5,30,-40,-5,-700.0,0.0
0,,30_-30_-3,30,-30,-3,2.304030043136575,0.0
0,,40_-110_-9,40,-110,-9,-29.329688993820156,-342.29999999999995
0,,-30_50_-8,-30,50,-8,1.9684456623767281,0.0
0,,110_60_-7,110,60,-7,1.4526706431454002,0.0
0,,100_60_-6,100,60,-6,1.5360625370314291,0.0
0,,100_70_-5,100,70,-5,1.7062500755743455,0.0
0,,90_80_-2,90,80,-2,1.6538111298803295,0.0
0,,80_80_0,80,80,0,1.703978802113157,0.0
0,,70_70_3,70,70,3,1.6399332177045807,0.0
0,,60_60_5,60,60,5,1.6574810290019608,0.0
0,,50_40_8,50,40,8,1.4368527127469086,0.0
0,,40_30_9,40,30,9,1.503781046422263,0.0
0,,40_20_10,40,20,10,1.6403694824944142,0.0
0,,20_40_-7,20,40,-7,3.061635242820145,0.0
0,,10_60_-3,10,60,-3,1.5601335849663922,0.0
0,,0_60_-2,0,60,-2,2.8566789889002746,0.0
0,,-10_60_1,-10,60,1,2.8411476511230638,0.0
0,,-10_60_2,-10,60,2,1.8501153126705876,0.0
0,,-30_40_6,-30,40,6,1.7231842333574363,0.0
0,,-30_30_7,-30,30,7,-700.0,0.0
0,,110_-40_8,110,-40,8,-700.0,0.0
0,,110_-50_9,110,-50,9,2.264623685504522,0.0
0,,110_50_-7,110,50,-7,1.647160852166023,0.0
0,,100_60_-5,100,60,-5,2.346518553856554,0.0
0,,90_70_-2,90,70,-2,1.3963631395793628,0.0
0,,80_70_-1,80,70,-1,2.2230682738697856,0.0
0,,80_70_0,80,70,0,2.2382112133377183,0.0
0,,70_70_1,70,70,1,1.957529404468688,0.0
0,,70_60_3,70,60,3,2.17226791724352,0.0
0,,60_60_4,60,60,4,2.1609199557484726,0.0
0,,60_50_5,60,50,5,2.134250892919547,0.0
0,,50_50_6,50,50,6,1.8786638890747764,0.0
0,,50_40_7,50,40,7,2.0094566633263655,0.0
0,,50_30_8,50,30,8,1.7735260725528783,0.0
0,,40_10_10,40,10,10,-444.6731651966829,0.0
0,,110_-50_-7,110,-50,-7,1.3725481457325424,0.0
0,,110_-40_-6,110,-40,-6,1.3725472361888622,0.0
0,,100_-40_-5,100,-40,-5,1.3725453799772702,0.0
0,,100_-30_-4,100,-30,-4,1.3725415917903474,0.0
0,,100_-30_-3,100,-30,-3,1.3725338607966278,0.0
0,,90_-30_-2,90,-30,-2,1.3725180832584243,0.0
0,,90_-30_-1,90,-30,-1,1.3724858842008663,0.0
0,,80_-30_0,80,-30,0,1.3724201718385027,0.0
0,,80_-30_1,80,-30,1,1.3722860649765363,0.0
0,,80_-30_2,80,-30,2,1.3720123775031354,0.0
0,,70_-30_3,70,-30,3,1.371453831639052,0.0
0,,70_-40_4,70,-40,4,1.3703139421205146,0.0
0,,60_-40_5,60,-40,5,1.3679876369806425,0.0
0,,60_-50_6,60,-50,6,1.3632400754706997,0.0
0,,60_-60_7,60,-60,7,1.3535511744299997,0.0
0,,50_-60_8,50,-60,8,1.3337779069999998,0.0
0,,50_-70_9,50,-70,9,1.2934242999999999,0.0
0,,40_-80_10,40,-80,10,1.2110699999999996,0.0
0,,40_-90_10,40,-90,10,1.043,0.0
0,,40_-100_10,40,-100,10,0.7,0.0
0,,30_-120_10,30,-120,10,-700.0,0.0
0,,20_-130_10,20,-130,10,2.3145994418326743,0.0
0,,110_-80_-8,110,-80,-8,1.3725415917903474,0.0
0,,100_-70_-7,100,-70,-7,1.3725338607966278,0.0
0,,100_-60_-6,100,-60,-6,1.3725180832584243,0.0
0,,90_-60_-5,90,-60,-5,1.3724858842008663,0.0
0,,90_-50_-4,90,-50,-4,1.9220586027237043,0.0
0,,90_-50_-3,90,-50,-3,1.3722860649765363,0.0
0,,80_-50_-2,80,-50,-2,1.3720123775031354,0.0
0,,80_-50_-1,80,-50,-1,1.371453831639052,0.0
0,,70_-50_0,70,-50,0,1.3703139421205146,0.0
0,,70_-50_1,70,-50,1,1.3679876369806425,0.0
0,,70_-50_2,70,-50,2,1.3632400754706997,0.0
0,,60_-50_3,60,-50,3,1.9043648819582097,0.0
0,,60_-60_4,60,-60,4,1.3337779069999998,0.0
0,,50_-60_5,50,-60,5,1.8962912520999997,0.0
0,,50_-70_6,50,-70,6,1.2110699999999996,0.0
0,,50_-80_7,50,-80,7,1.043,0.0
0,,40_-80_8,40,-80,8,0.9099999999999999,0.0
0,,40_-90_9,40,-90,9,-342.29999999999995,0.0
0,,120_-10_2,120,-10,2,3.017848135437437,0.0
0,,30_-30_2,30,-30,2,-1092.9446954190353,0.0
0,,40_-60_-8,40,-60,-8,-342.29999999999995,-712.5516922606007
0,,40_-40_-8,40,-40,-8,-341.6922191687426,0.0
0,,30_-30_-6,30,-30,-6,-207.66940315367384,-1311.6189637168125
0,,30_-20_-5,30,-20,-5,2.3216920211037038,0.0
0,,40_-100_-8,40,-100,-8,0.9099999999999999,0.0
0,,30_-90_-6,30,-90,-6,-700.0,-1241.5023316053332
0,,30_-80_-5,30,-80,-5,2.2985288057057645,0.0
0,,50_-90_-9,50,-90,-9,-80.69632899999996,0.0
0,,40_-70_-7,40,-70,-7,-342.29999999999995,-728.7010118560338
0,,110_-20_-7,110,-20,-7,1.3725453799772702,0.0
0,,100_-20_-6,100,-20,-6,1.3725415917903474,0.0
0,,100_-10_-5,100,-10,-5,1.3725338607966278,0.0
0,,90_-10_-4,90,-10,-4,1.3725180832584243,0.0
0,,90_0_-3,90,0,-3,1.3724858842008663,0.0
0,,90_0_-2,90,0,-2,1.3724201718385027,0.0
0,,80_0_-1,80,0,-1,1.3722860649765363,0.0
0,,80_0_0,80,0,0,1.3720123775031354,0.0
0,,70_0_1,70,0,1,1.371453831639052,0.0
0,,70_0_2,70,0,2,1.3703139421205146,0.0
0,,70_-10_3,70,-10,3,1.3679876369806425,0.0
0,,60_-10_4,60,-10,4,1.3632400754706997,0.0
0,,60_-20_5,60,-20,5,1.3535511744299997,0.0
0,,50_-20_6,50,-20,6,1.3337779069999998,0.0
0,,50_-30_7,50,-30,7,1.2934242999999999,0.0
0,,50_-40_8,50,-40,8,1.2110699999999996,0.0
0,,40_-50_9,40,-50,9,1.043,0.0
0,,40_-60_10,40,-60,10,0.7,0.0
0,,30_-70_10,30,-70,10,-700.0,-1301.3652273450045
0,,30_-80_10,30,-80,10,-700.0,0.0
0,,40_-20_-8,40,-20,-8,-341.9869930157714,-14.997416274717077
0,,50_-30_-9,50,-30,-9,-22.602951014165654,-209.50960930202103
0,,50_-20_-8,50,-20,-8,2.045297599400861,0.0
0,,40_-10_-7,40,-10,-7,2.0040338763282888,0.0
0,,40_-10_-6,40,-10,-6,2.0227221965883446,0.0
0,,30_0_-5,30,0,-5,-700.0,2.2708616256905
0,,30_0_-4,30,0,-4,-700.0,0.0
0,,30_0_-3,30,0,-3,2.318127573603711,0.0
0,,40_-70_-8,40,-70,-8,-342.29999999999995,-386.1329200266635
0,,110_0_-7,110,0,-7,2.1311109823517125,0.0
0,,100_10_-6,100,10,-6,2.080300751752105,0.0
0,,100_10_-5,100,10,-5,1.9766087228877565,0.0
0,,90_20_-4,90,20,-4,1.3725180832584243,0.0
0,,90_20_-3,90,20,-3,2.1734634096158625,0.0
0,,90_20_-2,90,20,-2,2.166770702766536,0.0
0,,80_20_-1,80,20,-1,2.153152349418337,0.0
0,,80_20_0,80,20,0,2.1254418978068896,0.0
0,,70_20_1,70,20,1,2.069057519501937,0.0
0,,70_20_2,70,20,2,1.9543293265514723,0.0
0,,70_20_3,70,20,3,1.3679876369806425,0.0
0,,60_10_4,60,10,4,2.0834449975648397,0.0
0,,60_10_5,60,10,5,1.9887203569869998,0.0
0,,50_0_6,50,0,6,1.8013367442,0.0
0,,50_-10_7,50,-10,7,1.4310272899999998,0.0
0,,50_-10_8,50,-10,8,1.2110699999999996,0.0
0,,40_-20_9,40,-20,9,-166.61119999999994,0.0
0,,40_-30_10,40,-30,10,-342.09,-774.8744085437371
0,,30_-40_10,30,-40,10,-910.0,-1239.7320841566936
0,,30_-50_10,30,-50,10,-700.0,2.3285815862724175
0,,30_-60_10,30,-60,10,2.303366454451237,0.0
0,,40_-90_-8,40,-90,-8,-341.9677604658769,-249.31045092968156
0,,50_-50_-9,50,-50,-9,1.5973636,0.0
0,,40_-30_-7,40,-30,-7,-342.29999999999995,0.0
0,,30_-30_-8,30,-30,-8,2.299824946841635,0.0
0,,20_20_-8,20,20,-8,3.209688581622734,0.0
0,,10_40_-6,10,40,-6,3.0916500953853387,0.0
0,,0_50_-3,0,50,-3,3.069135211470093,0.0
0,,-10_50_-1,-10,50,-1,3.1960691166544275,0.0
0,,-20_50_2,-20,50,2,2.8938022785741295,0.0
0,,-30_40_4,-30,40,4,2.7547849631859465,0.0
0,,110_10_-9,110,10,-9,2.1799114083410585,0.0
0,,100_20_-8,100,20,-8,2.179893457852811,0.0
0,,100_30_-7,100,30,-7,2.1798591435014427,0.0
0,,90_40_-6,90,40,-6,2.1797938474743974,0.0
0,,90_40_-5,90,40,-5,2.1796702499936127,0.0
0,,90_40_-4,90,40,-4,2.1794377239456177,0.0
0,,80_50_-3,80,50,-3,2.179003413049117,0.0
0,,80_50_-2,80,50,-2,2.178199170522767,0.0
0,,70_50_-1,70,50,-1,2.1767254230037274,0.0
0,,70_50_0,70,50,0,2.174059741861248,0.0
0,,70_50_1,70,50,1,2.1693174678063136,0.0
0,,60_50_2,60,50,2,2.1610636259431044,0.0
0,,60_40_3,60,40,3,2.147125721024275,0.0
0,,50_40_4,50,40,4,2.1246129973372967,0.0
0,,50_40_5,50,40,5,2.0907747453822387,0.0
0,,50_30_6,50,30,6,2.0464233783310997,0.0
0,,40_20_7,40,20,7,2.0063313843491835,0.0
0,,40_10_8,40,10,8,2.027410988467721,0.0
0,,30_10_9,30,10,9,-1043.0,2.2804305887096357
0,,110_-80_-9,110,-80,-9,1.5106723569530143,0.0
0,,100_-70_-8,100,-70,-8,1.6544333815367642,0.0
0,,90_-60_-6,90,-60,-6,1.7062464287529497,0.0
0,,80_-40_-3,80,-40,-3,1.6537399003513342,0.0
0,,70_-40_-1,70,-40,-1,1.7035145722606566,0.0
0,,60_-40_2,60,-40,2,1.6331387921595226,0.0
0,,50_-50_4,50,-50,4,1.629182713529,0.0
0,,40_-70_7,40,-70,7,1.1459,0.0
0,,30_-90_9,30,-90,9,-1145.8999999999999,0.0
0,,40_-130_-9,40,-130,-9,-166.39655767015347,0.0
0,,40_-120_-8,40,-120,-8,-341.6335258574561,-510.05404557040794
0,,30_-110_-6,30,-110,-6,-700.0,0.0
0,,30_-100_-5,30,-100,-5,2.3224269000605724,0.0
0,,30_-20_-7,30,-20,-7,-699.3015313148682,0.0
0,,110_0_-8,110,0,-8,1.3725472361888622,0.0
0,,110_10_-7,110,10,-7,1.3725453799772702,0.0
0,,100_20_-6,100,20,-6,1.3725415917903474,0.0
0,,100_20_-5,100,20,-5,1.3725338607966278,0.0
0,,100_30_-4,100,30,-4,1.3725180832584243,0.0
0,,90_30_-3,90,30,-3,1.3724858842008663,0.0
0,,90_30_-2,90,30,-2,1.3724201718385027,0.0
0,,80_30_-1,80,30,-1,1.3722860649765363,0.0
0,,80_30_0,80,30,0,1.3720123775031354,0.0
0,,80_30_1,80,30,1,1.371453831639052,0.0
0,,70_30_2,70,30,2,1.3703139421205146,0.0
0,,70_30_3,70,30,3,1.3679876369806425,0.0
0,,60_20_4,60,20,4,1.3632400754706997,0.0
0,,60_20_5,60,20,5,1.3535511744299997,0.0
0,,60_10_6,60,10,6,1.3337779069999998,0.0
0,,50_0_7,50,0,7,1.2934242999999999,0.0
0,,50_0_8,50,0,8,1.2110699999999996,0.0
0,,40_-10_9,40,-10,9,1.043,0.0
0,,40_-20_10,40,-20,10,0.7,0.0
0,,20_-30_-9,20,-30,-9,2.322035768667531,0.0
0,,50_-80_-9,50,-80,-9,-101.30443275295777,-103.5174491128289
0,,50_-50_-8,50,-50,-8,-49.196596874255924,1.2110699999999996
0,,40_-30_-6,40,-30,-6,-342.29999999999995,0.0
0,,50_-20_-9,50,-20,-9,-6.648733974611367,1.7872315248081712
0,,20_30_-8,20,30,-8,3.075854512233053,0.0
0,,110_40_-9,110,40,-9,1.390418283040083,0.0
0,,100_40_-8,100,40,-8,1.8717900990015766,0.0
0,,100_50_-7,100,50,-7,1.4469732738029286,0.0
0,,90_60_-6,90,60,-6,1.5244352526590386,0.0
0,,90_60_-5,90,60,-5,2.0230943548397886,0.0
0,,80_70_-3,80,70,-3,1.9797504277451123,0.0
0,,80_70_-2,80,70,-2,1.4413713769063363,0.0
0,,70_70_-1,70,70,-1,2.144393316700879,0.0
0,,70_70_0,70,70,0,2.02141321162653,0.0
0,,60_70_2,60,70,2,2.001900829527835,0.0
0,,50_60_4,50,60,4,1.9919378667237435,0.0
0,,50_60_5,50,60,5,1.6205453056466406,0.0
0,,40_40_7,40,40,7,1.160930857590696,0.0
0,,30_30_9,30,30,9,1.416556401370208,0.0
0,,30_30_-9,30,30,-9,1.555836740400701,0.0
0,,10_50_-6,10,50,-6,1.745671950659558,0.0
0,,10_60_-4,10,60,-4,1.5470444094698887,0.0
0,,0_60_-3,0,60,-3,2.46574089115627,0.0
0,,-10_60_-1,-10,60,-1,2.8431071329741364,0.0
0,,-20_60_2,-20,60,2,2.3636328239169977,0.0
0,,-20_60_3,-20,60,3,1.31813059,0.0
0,,-30_50_4,-30,50,4,2.346362331716615,0.0
0,,-30_50_5,-30,50,5,1.1459,0.0
0,,110_-60_7,110,-60,7,-700.0,0.0
0,,100_-70_9,100,-70,9,2.31809147559035,0.0
0,,40_-40_-9,40,-40,-9,1.043,0.0
0,,40_-30_-8,40,-30,-8,0.7,0.0
0,,30_-20_-6,30,-20,-6,-700.0,0.0
0,,30_-10_-5,30,-10,-5,2.322155376908409,0.0
0,,100_-30_3,100,-30,3,2.9446355863466476,0.0
0,,80_-60_8,80,-60,8,2.7614003109379595,0.0
0,,70_-60_-9,70,-60,-9,2.7434479451861327,0.0
0,,60_-30_-6,60,-30,-6,2.5144010789081834,0.0
0,,50_-30_-4,50,-30,-4,2.3130391276371443,0.0
0,,40_-20_-1,40,-20,-1,-81.04032999999997,1.9549069455248596
0,,30_0_-7,30,0,-7,2.327638083387188,0.0
0,,110_-40_-8,110,-40,-8,1.3725415917903474,0.0
0,,100_-30_-7,100,-30,-7,1.3725338607966278,0.0
0,,100_-30_-6,100,-30,-6,1.8979204437661201,0.0
0,,90_-20_-5,90,-20,-5,1.3724858842008663,0.0
0,,90_-20_-4,90,-20,-4,1.845751848348992,0.0
0,,90_-10_-3,90,-10,-3,1.3722860649765363,0.0
0,,80_-10_-2,80,-10,-2,1.3720123775031354,0.0
0,,80_-10_-1,80,-10,-1,1.8950930037436904,0.0
0,,70_-10_0,70,-10,0,1.3703139421205146,0.0
0,,70_-10_1,70,-10,1,1.8353055154184714,0.0
0,,70_-10_2,70,-10,2,1.3632400754706997,0.0
0,,60_-20_3,60,-20,3,1.3535511744299997,0.0
0,,60_-20_4,60,-20,4,1.8176034162999999,0.0
0,,50_-30_5,50,-30,5,1.2934242999999999,0.0
0,,50_-30_6,50,-30,6,1.5596419999999998,0.0
0,,50_-40_7,50,-40,7,1.0129,0.0
0,,40_-50_8,40,-50,8,0.7,0.0
0,,40_-60_9,40,-60,9,-342.29999999999995,-310.34622582592914
0,,30_20_-6,30,20,-6,1.3703139421205146,0.0
0,,20_20_-5,20,20,-5,1.3679876369806425,0.0
0,,20_30_-4,20,30,-4,1.3632400754706997,0.0
0,,10_30_-3,10,30,-3,1.3535511744299997,0.0
0,,10_30_-2,10,30,-2,1.3337779069999998,0.0
0,,10_30_-1,10,30,-1,1.2934242999999999,0.0
0,,0_30_0,0,30,0,1.2110699999999996,0.0
0,,0_30_1,0,30,1,1.043,0.0
0,,-10_30_2,-10,30,2,0.7,0.0
0,,-10_30_3,-10,30,3,-700.0,0.0
0,,-10_20_4,-10,20,4,-700.0,0.0
0,,-20_20_5,-20,20,5,2.3259214866860187,0.0
0,,50_-70_-9,50,-70,-9,-166.57345844089997,-166.36613777021137
0,,50_-50_-7,50,-50,-7,1.2110699999999996,0.0
0,,40_-50_-6,40,-50,-6,1.043,0.0
0,,40_-40_-5,40,-40,-5,0.7,0.0
0,,30_-40_-4,30,-40,-4,-700.0,0.0
0,,30_-40_-3,30,-40,-3,-700.0,0.0
0,,30_-30_-2,30,-30,-2,2.3269596467580933,0.0
0,,30_20_-7,30,20,-7,2.558716429212841,0.0
0,,20_40_-5,20,40,-5,2.7050933436165736,0.0
0,,10_40_-2,10,40,-2,2.5044688440100598,0.0
0,,0_50_0,0,50,0,2.7532755395888966,0.0
0,,-10_40_3,-10,40,3,2.7341284332576667,0.0
0,,-20_30_5,-20,30,5,2.5876146228064587,0.0
0,,-30_40_-8,-30,40,-8,2.232957410497259,0.0
0,,90_10_-4,90,10,-4,1.9019192930520346,0.0
0,,70_10_3,70,10,3,1.7208880488067715,0.0
0,,50_-20_8,50,-20,8,0.7,0.0
0,,110_-20_-9,110,-20,-9,1.3875024195882775,0.0
0,,100_-10_-8,100,-10,-8,1.4030661624250562,0.0
0,,100_-10_-7,100,-10,-7,1.4348289029082784,0.0
0,,90_0_-6,90,0,-6,1.4996508222617932,0.0
0,,90_0_-5,90,0,-5,1.6319404535954969,0.0
0,,80_10_-3,80,10,-3,1.3722860649765363,0.0
0,,80_10_-2,80,10,-2,1.3720123775031354,0.0
0,,70_10_-1,70,10,-1,1.371453831639052,0.0
0,,70_10_0,70,10,0,1.3703139421205146,0.0
0,,70_10_1,70,10,1,1.3679876369806425,0.0
0,,60_10_2,60,10,2,1.3632400754706997,0.0
0,,60_10_3,60,10,3,1.3535511744299997,0.0
0,,50_0_4,50,0,4,1.3337779069999998,0.0
0,,50_0_5,50,0,5,1.2934242999999999,0.0
0,,50_-10_6,50,-10,6,1.2110699999999996,0.0
0,,40_-10_7,40,-10,7,1.043,0.0
0,,40_-20_8,40,-20,8,0.7,0.0
0,,30_-30_9,30,-30,9,-1145.8999999999999,0.0
0,,50_-100_-9,50,-100,-9,-121.46212095554395,0.0
0,,30_-60_-6,30,-60,-6,2.3119665244915097,0.0
0,,30_30_-7,30,30,-7,2.0807726011873475,0.0
0,,10_50_-2,10,50,-2,2.0948862012993743,0.0
0,,110_-30_-7,110,-30,-7,1.6299810174453986,0.0
0,,100_-20_-5,100,-20,-5,1.604418405691006,0.0
0,,90_-20_-3,90,-20,-3,1.4980118301988599,0.0
0,,90_-10_-2,90,-10,-2,1.628595571834408,0.0
0,,80_-10_0,80,-10,0,1.5992997025550508,0.0
0,,70_-20_2,70,-20,2,1.4794065802536298,0.0
0,,70_-20_3,70,-20,3,1.590625673987,0.0
0,,60_-30_5,60,-30,5,1.4642245799999996,0.0
0,,50_-50_8,50,-50,8,-151.36965065470525,0.0
0,,110_20_7,110,20,7,-700.0,1.4924168027702782
0,,100_10_8,100,10,8,-700.0,0.0
0,,100_0_9,100,0,9,2.3264465486818238,0.0
0,,100_-130_3,100,-130,3,2.2572389758274287,0.0
0,,80_-160_8,80,-160,8,1.9947776060778195,0.0
0,,70_-160_-9,70,-160,-9,2.0265259341821626,0.0
0,,60_-130_-6,60,-130,-6,1.580149068872739,0.0
0,,50_-130_-4,50,-130,-4,0.7,0.0
0,,30_-100_-7,30,-100,-7,-1043.0,0.0
0,,20_30_-5,20,30,-5,2.095814075267086,0.0
0,,0_40_0,0,40,0,2.1283598203648895,0.0
0,,110_40_-7,110,40,-7,1.8905473604307657,0.0
0,,90_60_-2,90,60,-2,1.7893034541961947,0.0
0,,30_-20_10,30,-20,10,2.3319555924588204,0.0
0,,100_30_-9,100,30,-9,1.6171771485107722,0.0
0,,90_50_-7,90,50,-7,1.5287449545970329,0.0
0,,90_50_-6,90,50,-6,1.6913162338714962,0.0
0,,80_60_-4,80,60,-4,1.670077709595105,0.0
0,,70_70_-2,70,70,-2,1.7507527251834305,0.0
0,,60_70_1,60,70,1,1.680931406468639,0.0
0,,50_60_3,50,60,3,1.6760495546946341,0.0
0,,40_50_6,40,50,6,1.2688561202194408,0.0
0,,30_30_8,30,30,8,-700.0,0.0
0,,30_20_9,30,20,9,-699.0596305175055,0.0
